program_id,layer_id,program_name,entity,mapping_code,inception,expiry,coverage,layer_signed_exposure,Layer_Signed_Premium_USD,launch_date,Bus Type,bus_family,vehicle_family,orbit,months_on_risk,spacecraft_id,spacecraft_name,bus_manufacturer,prime_manufacturer,placing_basis,on_risk_date,off_risk_date,override_action,sql_igr_qs_rate,XOL_Deductible_USD,XOL_Limit_USD,sql_months_left,sql_ext_qs,sql_net_ext_qs,sql_igr_qs_ceded,sql_net_of_qs,sql_xol_ceded,sql_total_fibl_ceded,sql_net_of_xol,renewed_to_program_id,renewed_from_program_id,renewed_to_status,renewed_to_inception,is_consortium,program_type,underwriting_status,layer_key,per_sc,manual_include,lloyds_bus_type,excluded_reason,on_risk_flag,rpf,leo_months_left,leo_debris_rpf,debris_dr,layer_occ,exposure_usd,equity_pct,s3123_factor,equity_usd,ext_qs,other_ext_ri,net_ext_qs,net_ext,s3123_eligible,s3123_qs,uw_year,igr_qs_rate,igr_qs_ceded,net_of_qs,xol_ceded,total_fibl_ceded,net_of_xol,pf_fihl,pf_ful,pf_fiid,pf_fibl_direct,pf_fibl_ceded,gd_fihl,gd_ful,gd_fiid,gd_fibl_direct,gd_fibl_ceded,sd_fihl,sd_ful,sd_fiid,sd_fibl_direct,sd_fibl_ceded
344558,1,Eutelsat,FIID,ASO,2025-07-01,2026-06-30,Orbit,19814782.423728786,360543.773537872,2021-07-30,,EUROSTAR NEO,NULL,GEO-GSO,12.0,16310.0,EUTELSAT 36D,Airbus Defence and Space,Airbus Defence and Space,,2025-07-01,2026-06-30,Add Layer,0.85,7500000.0,72500000.0,0.0,3962956.4847457577,15851825.93898303,13474052.048135575,2377773.890847455,0.0,13474052.048135575,2377773.890847455,,,,,True,,,344558_1,19814782.423728786,False,,,1,0.2,0,0.0,0.05,1,19814782.423728786,0.075,0.4166666666666667,619211.9507415246,3962956.4847457577,0.0,15851825.938983029,15851825.938983029,True,1651231.8686440657,2025,0.85,13474052.048135575,2377773.890847454,0.0,13474052.048135575,2377773.890847454,990739.1211864394,0.0,990739.1211864394,0.0,842128.2530084735,1981478.2423728788,0.0,1981478.2423728788,0.0,1684256.506016947,990739.1211864394,0.0,990739.1211864394,0.0,842128.2530084735
344664,1,Arabsat,FUL,ASO,2025-07-01,2026-06-30,Orbit,25242749.444031846,426081.891445967,2023-03-26,,EUROSTAR E3000,NULL,GEO-GSO,12.0,15153.0,Arabsat BADR 8,Astrium Satellites SAS (Toulouse) (Part of EADS),Airbus Defence and Space (Toulouse),,2025-07-01,2026-06-30,Add Layer,0.5,50000000.0,245000000.0,0.0,5048549.888806369,20194199.555225477,10097099.777612738,10097099.777612738,0.0,10097099.777612738,10097099.777612738,,,,,True,,,344664_1,25242749.444031846,False,,,1,0.2,0,0.0,0.05,1,25242749.444031846,0.075,0.4166666666666667,788835.9201259952,5048549.888806369,0.0,20194199.555225477,20194199.555225477,True,2103562.453669321,2025,0.5,10097099.777612738,10097099.777612738,0.0,10097099.777612738,10097099.777612738,1262137.4722015923,1262137.4722015923,0.0,0.0,631068.7361007961,2524274.9444031846,2524274.9444031846,0.0,0.0,1262137.4722015923,1262137.4722015923,1262137.4722015923,0.0,0.0,631068.7361007961
334331,1,CO3D L+15,FIID,ASC,2025-02-04,2026-12-31,Launch and Orbit,2196138.3852966106,710084.745762712,2025-07-26,,ASTROBUS/ASTROSAT/S-BUS FAMILY (AIRBUS),VEGA-C,LEO,15.0,13879.0,CO3D 1,Airbus Defence and Space (Toulouse),Airbus Defence and Space (Toulouse),,2025-07-26,2026-10-25,Add Layer,0.85,7500000.0,72500000.0,7.0,439227.67705932213,1756910.7082372885,1493374.1020016952,263536.6062355933,0.0,1493374.1020016952,263536.6062355933,,,,,True,,,334331_1,2196138.3852966106,False,,,1,0.4,7,0.6,0.4,1,2196138.3852966106,0.075,0.4166666666666667,68629.32454051908,439227.67705932213,0.0,1756910.7082372885,1756910.7082372885,True,183011.5321080509,2025,0.85,1493374.1020016952,263536.6062355933,0.0,1493374.1020016952,263536.6062355933,0.0,0.0,0.0,0.0,0.0,0.0,0.0,0.0,0.0,0.0,878455.3541186443,0.0,878455.3541186443,0.0,746687.0510008476
351444,1,Asiasat,FUL,ASO,2025-09-21,2026-09-20,In-Orbit,6358762.875999999,,2013-08-29,,MAXAR 1300 (FS-/LS-/SSL-1300),ARIANE 5,GEO-GSO,12.0,5883.0,ASIASAT 5,SSL (Space Systems/Loral - Part of Maxar),SSL (Space Systems/Loral - Part of Maxar),,2025-09-21,2026-09-20,Add Layer,0.5,50000000.0,245000000.0,0.0,1271752.5751999998,5087010.300799999,2543505.1503999997,2543505.1503999997,0.0,2543505.1503999997,2543505.1503999997,,,,,True,,,351444_1,6358762.875999999,False,,,1,0.2,0,0.0,0.05,1,6358762.875999999,0.075,0.4166666666666667,198711.33987499998,1271752.5751999998,0.0,5087010.300799999,5087010.300799999,True,529896.9063333333,2025,0.5,2543505.1503999997,2543505.1503999997,0.0,2543505.1503999997,2543505.1503999997,317938.14379999996,317938.14379999996,0.0,0.0,158969.07189999998,635876.2875999999,635876.2875999999,0.0,0.0,317938.14379999996,317938.14379999996,317938.14379999996,0.0,0.0,158969.07189999998
351444,2,Asiasat,FUL,ASO,2025-09-21,2026-09-20,In-Orbit,4082474.2199999997,,2018-09-25,,MAXAR 1300 (FS-/LS-/SSL-1300),ARIANE 5,GEO-GSO,12.0,9266.0,ASIASAT 6/THAICOM 7,SSL (Space Systems/Loral - Part of Maxar),SSL (Space Systems/Loral - Part of Maxar),,2025-09-21,2026-09-20,Add Layer,0.5,50000000.0,245000000.0,0.0,816494.844,3265979.376,1632989.688,1632989.688,0.0,1632989.688,1632989.688,2207,,Bound (Expired),2016-06-01,True,,,351444_2,4082474.2199999997,False,,,1,0.2,0,0.0,0.05,1,4082474.2199999997,0.075,0.4166666666666667,127577.31937499999,816494.844,0.0,3265979.3759999997,3265979.3759999997,True,340206.18500000006,2025,0.5,1632989.6879999998,1632989.6879999998,0.0,1632989.6879999998,1632989.6879999998,204123.711,204123.711,0.0,0.0,102061.8555,408247.422,408247.422,0.0,0.0,204123.711,204123.711,204123.711,0.0,0.0,102061.8555
334331,2,CO3D L+15,FIID,ASC,2025-02-04,2026-12-31,Launch and Orbit,2196138.3852966106,710084.745762712,2025-07-26,,ASTROBUS/ASTROSAT/S-BUS FAMILY (AIRBUS),VEGA-C,LEO,15.0,13880.0,CO3D 2,Airbus Defence and Space (Toulouse),Airbus Defence and Space (Toulouse),,2025-07-26,2026-10-25,Add Layer,0.85,7500000.0,72500000.0,7.0,439227.67705932213,1756910.7082372885,1493374.1020016952,263536.6062355933,0.0,1493374.1020016952,263536.6062355933,2207,,Bound (Expired),2016-06-01,True,,,334331_2,2196138.3852966106,False,,,1,0.4,7,0.6,0.4,1,2196138.3852966106,0.075,0.4166666666666667,68629.32454051908,439227.67705932213,0.0,1756910.7082372885,1756910.7082372885,True,183011.5321080509,2025,0.85,1493374.1020016952,263536.6062355933,0.0,1493374.1020016952,263536.6062355933,0.0,0.0,0.0,0.0,0.0,0.0,0.0,0.0,0.0,0.0,878455.3541186443,0.0,878455.3541186443,0.0,746687.0510008476
344664,2,Arabsat,FUL,ASO,2025-07-01,2025-07-31,Orbit,102523.91331881752,73.8739358582188,2019-04-11,,EUROSTAR E3000,NULL,GEO-GSO,12.0,8249.0,Arabsat 5A,Astrium Satellites SAS (Toulouse) (Part of EADS),Astrium Satellites SAS (Toulouse) (Part of EADS),,2025-07-01,2026-06-30,Add Layer,0.5,50000000.0,245000000.0,0.0,20504.782663763504,82019.13065505402,41009.56532752701,41009.56532752701,0.0,41009.56532752701,41009.56532752701,2207,,Bound (Expired),2016-06-01,True,,,344664_2,102523.91331881752,False,,,1,0.2,0,0.0,0.05,1,102523.91331881752,0.075,0.4166666666666667,3203.8722912130474,20504.782663763504,0.0,82019.13065505402,82019.13065505402,True,8543.659443234794,2025,0.5,41009.56532752701,41009.56532752701,0.0,41009.56532752701,41009.56532752701,5126.195665940876,5126.195665940876,0.0,0.0,2563.097832970438,10252.391331881752,10252.391331881752,0.0,0.0,5126.195665940876,5126.195665940876,5126.195665940876,0.0,0.0,2563.097832970438
344558,2,Eutelsat,FIID,ASO,2025-07-01,2026-06-30,Orbit,3567555.573237105,64914.1595993826,2019-06-20,,SPACEBUS 4000,NULL,GEO-GSO,12.0,8137.0,W7/E36B,Alcatel Alenia Space (Cannes),Alcatel Alenia Space (Cannes),,2025-07-01,2026-06-30,Add Layer,0.85,7500000.0,72500000.0,0.0,713511.114647421,2854044.458589684,2425937.7898012316,428106.6687884527,0.0,2425937.7898012316,428106.6687884527,2207,,Bound (Expired),2016-06-01,True,,,344558_2,3567555.573237105,False,,,1,0.2,0,0.0,0.05,1,3567555.573237105,0.075,0.4166666666666667,111486.11166365953,713511.114647421,0.0,2854044.4585896838,2854044.4585896838,True,297296.2977697588,2025,0.85,2425937.789801231,428106.66878845263,0.0,2425937.789801231,428106.66878845263,178377.77866185526,0.0,178377.77866185526,0.0,151621.11186257694,356755.5573237105,0.0,356755.5573237105,0.0,303242.2237251539,178377.77866185526,0.0,178377.77866185526,0.0,151621.11186257694
344558,3,Eutelsat,FIID,ASO,2025-07-01,2026-06-30,Orbit,3955653.7664769525,71975.8766599928,2020-01-16,,BSS-702SP,NULL,GEO-GSO,12.0,8692.0,E115WB (S7),Boeing Satellite Systems Inc.,Boeing Satellite Systems Inc.,,2025-07-01,2026-06-30,Add Layer,0.85,7500000.0,72500000.0,0.0,791130.7532953905,3164523.013181562,2689844.5612043277,474678.4519772344,0.0,2689844.5612043277,474678.4519772344,,,,,True,,,344558_3,3955653.7664769525,False,,,1,0.2,0,0.0,0.05,1,3955653.7664769525,0.075,0.4166666666666667,123614.18020240475,791130.7532953905,0.0,3164523.013181562,3164523.013181562,True,329637.8138730794,2025,0.85,2689844.5612043277,474678.45197723433,0.0,2689844.5612043277,474678.45197723433,197782.68832384763,0.0,197782.68832384763,0.0,168115.28507527048,395565.37664769526,0.0,395565.37664769526,0.0,336230.57015054097,197782.68832384763,0.0,197782.68832384763,0.0,168115.28507527048
344664,3,Arabsat,FUL,ASO,2025-07-01,2026-06-30,Orbit,5146207.498662574,74301.9276415773,2012-11-10,,EUROSTAR E3000,NULL,GEO-GSO,12.0,8250.0,Arabsat 5B,Astrium Satellites SAS (Toulouse) (Part of EADS),Astrium Satellites SAS (Toulouse) (Part of EADS),,2025-07-01,2026-06-30,Add Layer,0.5,50000000.0,245000000.0,0.0,1029241.4997325148,4116965.9989300594,2058482.9994650297,2058482.9994650297,0.0,2058482.9994650297,2058482.9994650297,,,,,True,,,344664_3,5146207.498662574,False,,,1,0.2,0,0.0,0.05,1,5146207.498662574,0.075,0.4166666666666667,160818.98433320544,1029241.4997325148,0.0,4116965.9989300594,4116965.9989300594,True,428850.62488854787,2025,0.5,2058482.9994650297,2058482.9994650297,0.0,2058482.9994650297,2058482.9994650297,257310.3749331287,257310.3749331287,0.0,0.0,128655.18746656436,514620.7498662574,514620.7498662574,0.0,0.0,257310.3749331287,257310.3749331287,257310.3749331287,0.0,0.0,128655.18746656436
334331,3,CO3D L+15,FIID,ASC,2025-02-04,2026-12-31,Launch and Orbit,2196138.3852966106,710084.745762712,2025-07-26,,ASTROBUS/ASTROSAT/S-BUS FAMILY (AIRBUS),VEGA-C,LEO,15.0,13881.0,CO3D 3,Airbus Defence and Space (Toulouse),Airbus Defence and Space (Toulouse),,2025-07-26,2026-10-25,Add Layer,0.85,7500000.0,72500000.0,7.0,439227.67705932213,1756910.7082372885,1493374.1020016952,263536.6062355933,0.0,1493374.1020016952,263536.6062355933,,,,,True,,,334331_3,2196138.3852966106,False,,,1,0.4,7,0.6,0.4,1,2196138.3852966106,0.075,0.4166666666666667,68629.32454051908,439227.67705932213,0.0,1756910.7082372885,1756910.7082372885,True,183011.5321080509,2025,0.85,1493374.1020016952,263536.6062355933,0.0,1493374.1020016952,263536.6062355933,0.0,0.0,0.0,0.0,0.0,0.0,0.0,0.0,0.0,0.0,878455.3541186443,0.0,878455.3541186443,0.0,746687.0510008476
351444,3,Asiasat,FUL,ASO,2025-09-21,2026-09-20,In-Orbit,6581443.288,,2023-08-03,,MAXAR 1300 (FS-/LS-/SSL-1300),"FALCON 9, 5 & HEAVY",GEO-GSO,12.0,8834.0,ASIASAT 7,SSL (Space Systems/Loral - Part of Maxar),SSL (Space Systems/Loral - Part of Maxar),,2025-09-21,2026-09-20,Add Layer,0.5,50000000.0,245000000.0,0.0,1316288.6576,5265154.6304,2632577.3152,2632577.3152,0.0,2632577.3152,2632577.3152,,,,,True,,,351444_3,6581443.288,False,,,1,0.2,0,0.0,0.05,1,6581443.288,0.075,0.4166666666666667,205670.10275,1316288.6576,0.0,5265154.6304,5265154.6304,True,548453.6073333333,2025,0.5,2632577.3152,2632577.3152,0.0,2632577.3152,2632577.3152,329072.1644,329072.1644,0.0,0.0,164536.0822,658144.3288,658144.3288,0.0,0.0,329072.1644,329072.1644,329072.1644,0.0,0.0,164536.0822
351444,4,Asiasat,FUL,ASO,2025-09-21,2026-09-20,In-Orbit,4391752.569999999,,2012-04-23,,MAXAR 1300 (FS-/LS-/SSL-1300),PROTON,GEO-GSO,12.0,9267.0,AMOS 7 (ASIASAT 8),SSL (Space Systems/Loral - Part of Maxar),SSL (Space Systems/Loral - Part of Maxar),,2025-09-21,2026-09-20,Add Layer,0.5,50000000.0,245000000.0,0.0,878350.514,3513402.056,1756701.028,1756701.028,0.0,1756701.028,1756701.028,,,,,True,,,351444_4,4391752.569999999,False,,,1,0.2,0,0.0,0.05,1,4391752.569999999,0.075,0.4166666666666667,137242.26781249998,878350.514,0.0,3513402.0559999994,3513402.0559999994,True,365979.38083333336,2025,0.5,1756701.0279999997,1756701.0279999997,0.0,1756701.0279999997,1756701.0279999997,219587.6285,219587.6285,0.0,0.0,109793.81425,439175.257,439175.257,0.0,0.0,219587.6285,219587.6285,219587.6285,0.0,0.0,109793.81425
334331,4,CO3D L+15,FIID,ASC,2025-02-04,2026-12-31,Launch and Orbit,2196138.3852966106,710084.745762712,2025-07-26,,ASTROBUS/ASTROSAT/S-BUS FAMILY (AIRBUS),VEGA-C,LEO,15.0,13882.0,CO3D 4,Airbus Defence and Space (Toulouse),Airbus Defence and Space (Toulouse),,2025-07-26,2026-10-25,Add Layer,0.85,7500000.0,72500000.0,7.0,439227.67705932213,1756910.7082372885,1493374.1020016952,263536.6062355933,0.0,1493374.1020016952,263536.6062355933,,,,,True,,,334331_4,2196138.3852966106,False,,,1,0.4,7,0.6,0.4,1,2196138.3852966106,0.075,0.4166666666666667,68629.32454051908,439227.67705932213,0.0,1756910.7082372885,1756910.7082372885,True,183011.5321080509,2025,0.85,1493374.1020016952,263536.6062355933,0.0,1493374.1020016952,263536.6062355933,0.0,0.0,0.0,0.0,0.0,0.0,0.0,0.0,0.0,0.0,878455.3541186443,0.0,878455.3541186443,0.0,746687.0510008476
344664,4,Arabsat,FUL,ASO,2025-07-01,2026-06-30,Orbit,819140.0056261068,12658.2029683979,2012-12-03,,EUROSTAR E3000,NULL,GEO-GSO,12.0,8785.0,Arabsat 5C,Astrium Satellites SAS (Toulouse) (Part of EADS),Astrium Satellites SAS (Toulouse) (Part of EADS),,2025-07-01,2026-06-30,Add Layer,0.5,50000000.0,245000000.0,0.0,163828.00112522137,655312.0045008855,327656.00225044275,327656.00225044275,0.0,327656.00225044275,327656.00225044275,,,,,True,,,344664_4,819140.0056261068,False,,,1,0.2,0,0.0,0.05,1,819140.0056261068,0.075,0.4166666666666667,25598.125175815836,163828.00112522137,0.0,655312.0045008854,655312.0045008854,True,68261.6671355089,2025,0.5,327656.0022504427,327656.0022504427,0.0,327656.0022504427,327656.0022504427,40957.00028130534,40957.00028130534,0.0,0.0,20478.50014065267,81914.00056261069,81914.00056261069,0.0,0.0,40957.00028130534,40957.00028130534,40957.00028130534,0.0,0.0,20478.50014065267
344558,4,Eutelsat,FIID,ASO,2025-07-01,2026-06-30,Orbit,11679640.312677067,212519.19409697,2022-11-03,,SPACEBUS 4000,NULL,GEO-GSO,12.0,8814.0,W3C/E16A,Thales Alenia Space France (Cannes),Thales Alenia Space France (Cannes),,2025-07-01,2026-06-30,Add Layer,0.85,7500000.0,72500000.0,0.0,2335928.0625354135,9343712.250141654,7942155.412620406,1401556.8375212483,0.0,7942155.412620406,1401556.8375212483,,,,,True,,,344558_4,11679640.312677067,False,,,1,0.2,0,0.0,0.05,1,11679640.312677067,0.075,0.4166666666666667,364988.75977115834,2335928.0625354135,0.0,9343712.250141654,9343712.250141654,True,973303.3593897556,2025,0.85,7942155.412620406,1401556.8375212485,0.0,7942155.412620406,1401556.8375212485,583982.0156338534,0.0,583982.0156338534,0.0,496384.7132887754,1167964.0312677068,0.0,1167964.0312677068,0.0,992769.4265775508,583982.0156338534,0.0,583982.0156338534,0.0,496384.7132887754
344558,5,Eutelsat,FIID,ASO,2025-07-01,2026-06-30,Orbit,11922926.160296435,216945.949620866,2022-09-07,,EUROSTAR E3000,NULL,GEO-GSO,12.0,8837.0,AB7/E7WA,Astrium Satellites SAS (Toulouse) (Part of EADS),Astrium Satellites SAS (Toulouse) (Part of EADS),,2025-07-01,2026-06-30,Add Layer,0.85,7500000.0,72500000.0,0.0,2384585.232059287,9538340.928237148,8107589.789001576,1430751.1392355724,0.0,8107589.789001576,1430751.1392355724,2223,,NTU,2016-07-01,True,,,344558_5,11922926.160296435,False,,,1,0.2,0,0.0,0.05,1,11922926.160296435,0.075,0.4166666666666667,372591.4425092636,2384585.232059287,0.0,9538340.928237148,9538340.928237148,True,993577.1800247029,2025,0.85,8107589.789001576,1430751.139235572,0.0,8107589.789001576,1430751.139235572,596146.3080148217,0.0,596146.3080148217,0.0,506724.3618125985,1192292.6160296435,0.0,1192292.6160296435,0.0,1013448.723625197,596146.3080148217,0.0,596146.3080148217,0.0,506724.3618125985
344664,5,Arabsat,FUL,ASO,2025-07-01,2026-06-30,Orbit,9517167.33308259,156820.086628552,2013-05-14,,EUROSTAR E3000,NULL,GEO-GSO,12.0,8786.0,Arabsat BADR 7,Airbus Defence and Space (Toulouse),Airbus Defence and Space (Toulouse),,2025-07-01,2026-06-30,Add Layer,0.5,50000000.0,245000000.0,0.0,1903433.466616518,7613733.866466072,3806866.933233036,3806866.933233036,0.0,3806866.933233036,3806866.933233036,2223,,NTU,2016-07-01,True,,,344664_5,9517167.33308259,False,,,1,0.2,0,0.0,0.05,1,9517167.33308259,0.075,0.4166666666666667,297411.47915883095,1903433.466616518,0.0,7613733.866466072,7613733.866466072,True,793097.2777568826,2025,0.5,3806866.933233036,3806866.933233036,0.0,3806866.933233036,3806866.933233036,475858.3666541295,475858.3666541295,0.0,0.0,237929.18332706476,951716.733308259,951716.733308259,0.0,0.0,475858.3666541295,475858.3666541295,475858.3666541295,0.0,0.0,237929.18332706476
351444,5,Asiasat,FUL,ASO,2025-09-21,2026-09-20,In-Orbit,9380721.633849999,,2016-10-05,,MAXAR 1300 (FS-/LS-/SSL-1300),ARIANE 5,GEO-GSO,12.0,9607.0,ASIASAT 9,SSL (Space Systems/Loral - Part of Maxar),SSL (Space Systems/Loral - Part of Maxar),,2025-09-21,2026-09-20,Add Layer,0.5,50000000.0,245000000.0,0.0,1876144.32677,7504577.30708,3752288.65354,3752288.65354,0.0,3752288.65354,3752288.65354,2223,,NTU,2016-07-01,True,,,351444_5,9380721.633849999,False,,,1,0.2,0,0.0,0.05,1,9380721.633849999,0.075,0.4166666666666667,293147.55105781247,1876144.32677,0.0,7504577.307079999,7504577.307079999,True,781726.8028208333,2025,0.5,3752288.6535399994,3752288.6535399994,0.0,3752288.6535399994,3752288.6535399994,469036.0816925,469036.0816925,0.0,0.0,234518.04084625,938072.163385,938072.163385,0.0,0.0,469036.0816925,469036.0816925,469036.0816925,0.0,0.0,234518.04084625
344664,6,Arabsat,FUL,ASO,2025-07-01,2026-06-30,Orbit,14528089.890459506,339102.399257024,2014-05-26,,LM 2100,NULL,GEO-GSO,12.0,9559.0,Arabsat 6A,Lockheed Martin Commercial Space Systems,Lockheed Martin Commercial Space Systems,,2025-07-01,2026-06-30,Add Layer,0.5,50000000.0,245000000.0,0.0,2905617.978091901,11622471.912367605,5811235.956183802,5811235.956183802,0.0,5811235.956183802,5811235.956183802,,,,,True,,,344664_6,14528089.890459506,False,,,1,0.2,0,0.0,0.05,1,14528089.890459506,0.075,0.4166666666666667,454002.80907685956,2905617.978091901,0.0,11622471.912367605,11622471.912367605,True,1210674.1575382922,2025,0.5,5811235.956183802,5811235.956183802,0.0,5811235.956183802,5811235.956183802,726404.4945229753,726404.4945229753,0.0,0.0,363202.24726148765,1452808.9890459506,1452808.9890459506,0.0,0.0,726404.4945229753,726404.4945229753,726404.4945229753,0.0,0.0,363202.24726148765
344558,6,Eutelsat,FIID,ASO,2025-07-01,2026-06-30,Orbit,6390959.036154628,116287.953011373,2022-11-23,,MAXAR 1300,NULL,GEO-GSO,12.0,8977.0,E117WA (S8),SSL (Space Systems/Loral - Part of Maxar),SSL (Space Systems/Loral - Part of Maxar),,2025-07-01,2026-06-30,Add Layer,0.85,7500000.0,72500000.0,0.0,1278191.8072309257,5112767.228923703,4345852.1445851475,766915.0843385555,0.0,4345852.1445851475,766915.0843385555,,,,,True,,,344558_6,6390959.036154628,False,,,1,0.2,0,0.0,0.05,1,6390959.036154628,0.075,0.4166666666666667,199717.46987983212,1278191.8072309257,0.0,5112767.228923703,5112767.228923703,True,532579.9196795524,2025,0.85,4345852.1445851475,766915.0843385551,0.0,4345852.1445851475,766915.0843385551,319547.9518077314,0.0,319547.9518077314,0.0,271615.75903657166,639095.9036154628,0.0,639095.9036154628,0.0,543231.5180731433,319547.9518077314,0.0,319547.9518077314,0.0,271615.75903657166
344558,7,Eutelsat,FIID,ASO,2025-07-01,2026-06-30,Orbit,8472635.021891044,154165.498125458,2022-10-15,,SPACEBUS 4000,NULL,GEO-GSO,12.0,9000.0,W6A/E21B,Thales Alenia Space France (Cannes),Thales Alenia Space France (Cannes),,2025-07-01,2026-06-30,Add Layer,0.85,7500000.0,72500000.0,0.0,1694527.004378209,6778108.017512836,5761391.81488591,1016716.2026269254,0.0,5761391.81488591,1016716.2026269254,,,,,True,,,344558_7,8472635.021891044,False,,,1,0.2,0,0.0,0.05,1,8472635.021891044,0.075,0.4166666666666667,264769.84443409514,1694527.004378209,0.0,6778108.017512836,6778108.017512836,True,706052.9184909204,2025,0.85,5761391.81488591,1016716.2026269259,0.0,5761391.81488591,1016716.2026269259,423631.7510945522,0.0,423631.7510945522,0.0,360086.9884303694,847263.5021891044,0.0,847263.5021891044,0.0,720173.9768607388,423631.7510945522,0.0,423631.7510945522,0.0,360086.9884303694
344558,8,Eutelsat,FIID,ASO,2025-07-01,2026-06-30,Orbit,8104725.631934515,147471.130408551,2012-12-03,,EUROSTAR E3000,NULL,GEO-GSO,12.0,9004.0,W5A/E70B,Astrium Satellites SAS (Toulouse) (Part of EADS),Astrium Satellites SAS (Toulouse) (Part of EADS),,2025-07-01,2026-06-30,Add Layer,0.85,7500000.0,72500000.0,0.0,1620945.1263869032,6483780.505547613,5511213.42971547,972567.075832142,0.0,5511213.42971547,972567.075832142,,,,,True,,,344558_8,8104725.631934515,False,,,1,0.2,0,0.0,0.05,1,8104725.631934515,0.075,0.4166666666666667,253272.6759979536,1620945.1263869032,0.0,6483780.505547612,6483780.505547612,True,675393.8026612097,2025,0.85,5511213.42971547,972567.0758321416,0.0,5511213.42971547,972567.0758321416,405236.2815967258,0.0,405236.2815967258,0.0,344450.8393572169,810472.5631934516,0.0,810472.5631934516,0.0,688901.6787144338,405236.2815967258,0.0,405236.2815967258,0.0,344450.8393572169
344558,9,Eutelsat,FIID,ASO,2025-07-01,2026-06-30,Orbit,4138792.8983068652,75308.2207786612,2013-05-14,,SPACEBUS 4000,NULL,GEO-GSO,12.0,9054.0,W3D/E3D,Thales Alenia Space France (Cannes),Thales Alenia Space France (Cannes),,2025-07-01,2026-06-30,Add Layer,0.85,7500000.0,72500000.0,0.0,827758.579661373,3311034.318645492,2814379.170848668,496655.1477968239,0.0,2814379.170848668,496655.1477968239,,,,,True,,,344558_9,4138792.8983068652,False,,,1,0.2,0,0.0,0.05,1,4138792.8983068652,0.075,0.4166666666666667,129337.27807208954,827758.579661373,0.0,3311034.318645492,3311034.318645492,True,344899.40819223877,2025,0.85,2814379.170848668,496655.1477968241,0.0,2814379.170848668,496655.1477968241,206939.64491534326,0.0,206939.64491534326,0.0,175898.69817804178,413879.2898306865,0.0,413879.2898306865,0.0,351797.39635608357,206939.64491534326,0.0,206939.64491534326,0.0,175898.69817804178
344558,10,Eutelsat,FIID,ASO,2025-07-01,2026-06-30,Orbit,8995750.791954093,163683.954079325,2014-05-26,,EUROSTAR E3000,NULL,GEO-GSO,12.0,9203.0,E3B,Airbus Defence and Space (Toulouse),Airbus Defence and Space (Toulouse),,2025-07-01,2026-06-30,Add Layer,0.85,7500000.0,72500000.0,0.0,1799150.1583908186,7196600.6335632745,6117110.538528783,1079490.0950344913,0.0,6117110.538528783,1079490.0950344913,2156,,Bound (Expired),2016-07-01,True,,,344558_10,8995750.791954093,False,,,1,0.2,0,0.0,0.05,1,8995750.791954093,0.075,0.4166666666666667,281117.2122485654,1799150.1583908186,0.0,7196600.6335632745,7196600.6335632745,True,749645.8993295078,2025,0.85,6117110.538528783,1079490.0950344913,0.0,6117110.538528783,1079490.0950344913,449787.53959770466,0.0,449787.53959770466,0.0,382319.40865804895,899575.0791954093,0.0,899575.0791954093,0.0,764638.8173160979,449787.53959770466,0.0,449787.53959770466,0.0,382319.40865804895
344558,11,Eutelsat,FIID,ASO,2025-07-01,2026-06-30,Orbit,6455847.129589162,117468.63708674,2016-01-29,,EUROSTAR E3000,NULL,GEO-GSO,12.0,9242.0,E9B,Astrium Satellites SAS (Toulouse) (Part of EADS),Astrium Satellites SAS (Toulouse) (Part of EADS),,2025-07-01,2026-06-30,Add Layer,0.85,7500000.0,72500000.0,0.0,1291169.4259178324,5164677.70367133,4389976.04812063,774701.6555506996,0.0,4389976.04812063,774701.6555506996,2156,,Bound (Expired),2016-07-01,True,,,344558_11,6455847.129589162,False,,,1,0.2,0,0.0,0.05,1,6455847.129589162,0.075,0.4166666666666667,201745.2227996613,1291169.4259178324,0.0,5164677.70367133,5164677.70367133,True,537987.2607990969,2025,0.85,4389976.04812063,774701.6555506997,0.0,4389976.04812063,774701.6555506997,322792.3564794581,0.0,322792.3564794581,0.0,274373.5030075394,645584.7129589162,0.0,645584.7129589162,0.0,548747.0060150787,322792.3564794581,0.0,322792.3564794581,0.0,274373.5030075394
344558,12,Eutelsat,FIID,ASO,2025-07-01,2026-06-30,Orbit,4388314.438343567,79848.4390712467,2023-05-27,,BSS-702SP,NULL,GEO-GSO,12.0,9344.0,E117WB (S9),Boeing Satellite Systems Inc.,Boeing Satellite Systems Inc.,,2025-07-01,2026-06-30,Add Layer,0.85,7500000.0,72500000.0,0.0,877662.8876687135,3510651.550674854,2984053.8180736257,526597.7326012282,0.0,2984053.8180736257,526597.7326012282,2156,,Bound (Expired),2016-07-01,True,,,344558_12,4388314.438343567,False,,,1,0.2,0,0.0,0.05,1,4388314.438343567,0.075,0.4166666666666667,137134.82619823646,877662.8876687135,0.0,3510651.5506748534,3510651.5506748534,True,365692.86986196396,2025,0.85,2984053.818073625,526597.7326012282,0.0,2984053.818073625,526597.7326012282,219415.72191717837,0.0,219415.72191717837,0.0,186503.3636296016,438831.44383435673,0.0,438831.44383435673,0.0,373006.7272592032,219415.72191717837,0.0,219415.72191717837,0.0,186503.3636296016
344558,13,Eutelsat,FIID,ASO,2025-07-01,2026-06-30,Orbit,18484934.559166126,336346.264977469,2019-04-11,,SPACEBUS 4000,NULL,GEO-GSO,12.0,9501.0,E8WB,Thales Alenia Space France (Cannes),Thales Alenia Space France (Cannes),,2025-07-01,2026-06-30,Add Layer,0.85,7500000.0,72500000.0,0.0,3696986.9118332253,14787947.647332901,12569755.500232965,2218192.1470999354,0.0,12569755.500232965,2218192.1470999354,2156,,Bound (Expired),2016-07-01,True,,,344558_13,18484934.559166126,False,,,1,0.2,0,0.0,0.05,1,18484934.559166126,0.075,0.4166666666666667,577654.2049739414,3696986.9118332253,0.0,14787947.647332901,14787947.647332901,True,1540411.213263844,2025,0.85,12569755.500232965,2218192.1470999364,0.0,12569755.500232965,2218192.1470999364,924246.7279583063,0.0,924246.7279583063,0.0,785609.7187645603,1848493.4559166126,0.0,1848493.4559166126,0.0,1571219.4375291206,924246.7279583063,0.0,924246.7279583063,0.0,785609.7187645603
344558,14,Eutelsat,FIID,ASO,2025-07-01,2026-06-30,Orbit,11617716.607657673,211392.449134461,2019-04-11,,EUROSTAR E3000,NULL,GEO-GSO,12.0,9534.0,E36C,Airbus Defence and Space (Toulouse),Airbus Defence and Space (Toulouse),,2025-07-01,2026-06-30,Add Layer,0.85,7500000.0,72500000.0,0.0,2323543.3215315347,9294173.286126139,7900047.293207218,1394125.992918921,0.0,7900047.293207218,1394125.992918921,,,,,True,,,344558_14,11617716.607657673,False,,,1,0.2,0,0.0,0.05,1,11617716.607657673,0.075,0.4166666666666667,363053.6439893023,2323543.3215315347,0.0,9294173.286126139,9294173.286126139,True,968143.0506381395,2025,0.85,7900047.293207218,1394125.9929189207,0.0,7900047.293207218,1394125.9929189207,580885.8303828837,0.0,580885.8303828837,0.0,493752.9558254511,1161771.6607657673,0.0,1161771.6607657673,0.0,987505.9116509022,580885.8303828837,0.0,580885.8303828837,0.0,493752.9558254511
344558,15,Eutelsat,FIID,ASO,2025-07-01,2026-06-30,Orbit,5533750.3557227235,100690.4437507,2015-11-10,,MAXAR 1300,NULL,GEO-GSO,12.0,9710.0,E65WA,SSL (Space Systems/Loral - Part of Maxar),SSL (Space Systems/Loral - Part of Maxar),,2025-07-01,2026-06-30,Add Layer,0.85,7500000.0,72500000.0,0.0,1106750.0711445448,4427000.284578179,3762950.241891452,664050.0426867269,0.0,3762950.241891452,664050.0426867269,3679,,NTU,2016-07-01,True,,,344558_15,5533750.3557227235,False,,,1,0.2,0,0.0,0.05,1,5533750.3557227235,0.075,0.4166666666666667,172929.6986163351,1106750.0711445448,0.0,4427000.284578179,4427000.284578179,True,461145.86297689367,2025,0.85,3762950.241891452,664050.0426867269,0.0,3762950.241891452,664050.0426867269,276687.5177861362,0.0,276687.5177861362,0.0,235184.39011821576,553375.0355722724,0.0,553375.0355722724,0.0,470368.7802364315,276687.5177861362,0.0,276687.5177861362,0.0,235184.39011821576
344558,16,Eutelsat,FIID,ASO,2025-07-01,2026-06-30,Orbit,10746231.046425201,195535.162079204,2011-09-21,,EUROSTAR E3000,NULL,GEO-GSO,12.0,10173.0,E172B,Airbus Defence and Space (Toulouse),Airbus Defence and Space (Toulouse),,2025-07-01,2026-06-30,Add Layer,0.85,7500000.0,72500000.0,0.0,2149246.2092850404,8596984.837140162,7307437.111569137,1289547.7255710245,0.0,7307437.111569137,1289547.7255710245,3679,,NTU,2016-07-01,True,,,344558_16,10746231.046425201,False,,,1,0.2,0,0.0,0.05,1,10746231.046425201,0.075,0.4166666666666667,335819.72020078753,2149246.2092850404,0.0,8596984.837140162,8596984.837140162,True,895519.2538687668,2025,0.85,7307437.111569137,1289547.7255710242,0.0,7307437.111569137,1289547.7255710242,537311.5523212601,0.0,537311.5523212601,0.0,456714.819473071,1074623.1046425202,0.0,1074623.1046425202,0.0,913429.638946142,537311.5523212601,0.0,537311.5523212601,0.0,456714.819473071
344558,17,Eutelsat,FIID,ASO,2025-07-01,2026-06-30,Orbit,11189100.563033745,203593.481534265,2010-06-03,,GMP-T,NULL,GEO-GSO,12.0,10281.0,Quantum,SSTL - Surrey Satellite Technology Limited (Part of Airbus DS),SSTL - Surrey Satellite Technology Limited (Part of Airbus DS),,2025-07-01,2026-06-30,Add Layer,0.85,7500000.0,72500000.0,0.0,2237820.112606749,8951280.450426996,7608588.382862946,1342692.0675640495,0.0,7608588.382862946,1342692.0675640495,3679,,NTU,2016-07-01,True,,,344558_17,11189100.563033745,False,,,1,0.2,0,0.0,0.05,1,11189100.563033745,0.075,0.4166666666666667,349659.3925948045,2237820.112606749,0.0,8951280.450426996,8951280.450426996,True,932425.0469194788,2025,0.85,7608588.382862946,1342692.0675640497,0.0,7608588.382862946,1342692.0675640497,559455.0281516872,0.0,559455.0281516872,0.0,475536.7739289342,1118910.0563033745,0.0,1118910.0563033745,0.0,951073.5478578684,559455.0281516872,0.0,559455.0281516872,0.0,475536.7739289342
344558,18,Eutelsat,FIID,ASO,2025-07-01,2026-06-30,Orbit,3094813.5983944247,56312.2899510229,2010-06-26,,MAXAR 1300,NULL,GEO-GSO,12.0,10733.0,E7C,SSL (Space Systems/Loral - Part of Maxar),SSL (Space Systems/Loral - Part of Maxar),,2025-07-01,2026-06-30,Add Layer,0.85,7500000.0,72500000.0,0.0,618962.719678885,2475850.87871554,2104473.246908209,371377.63180733105,0.0,2104473.246908209,371377.63180733105,,,,,True,,,344558_18,3094813.5983944247,False,,,1,0.2,0,0.0,0.05,1,3094813.5983944247,0.075,0.4166666666666667,96712.92494982577,618962.719678885,0.0,2475850.87871554,2475850.87871554,True,257901.1331995354,2025,0.85,2104473.246908209,371377.631807331,0.0,2104473.246908209,371377.631807331,154740.67991972124,0.0,154740.67991972124,0.0,131529.57793176305,309481.3598394425,0.0,309481.3598394425,0.0,263059.1558635261,154740.67991972124,0.0,154740.67991972124,0.0,131529.57793176305
344558,19,Eutelsat,FIID,ASO,2025-07-01,2026-06-30,Orbit,8602524.403390191,156528.925931364,2019-02-05,,SPACEBUS NEO,NULL,GEO-GSO,12.0,13924.0,Konnect,Thales Alenia Space France (Cannes),Thales Alenia Space France (Cannes),,2025-07-01,2026-06-30,Add Layer,0.85,7500000.0,72500000.0,0.0,1720504.8806780383,6882019.522712153,5849716.59430533,1032302.9284068232,0.0,5849716.59430533,1032302.9284068232,,,,,True,,,344558_19,8602524.403390191,False,,,1,0.2,0,0.0,0.05,1,8602524.403390191,0.075,0.4166666666666667,268828.8876059435,1720504.8806780383,0.0,6882019.522712153,6882019.522712153,True,716877.0336158493,2025,0.85,5849716.59430533,1032302.9284068234,0.0,5849716.59430533,1032302.9284068234,430126.2201695096,0.0,430126.2201695096,0.0,365607.2871440831,860252.4403390192,0.0,860252.4403390192,0.0,731214.5742881662,430126.2201695096,0.0,430126.2201695096,0.0,365607.2871440831
344558,20,Eutelsat,FIID,ASO,2025-07-01,2026-06-30,Orbit,19814782.423728786,360543.773537872,2022-11-03,,EUROSTAR NEO,NULL,GEO-GSO,12.0,13009.0,E13G,Airbus Defence and Space (Toulouse),Airbus Defence and Space (Toulouse),,2025-07-01,2026-06-30,Add Layer,0.85,7500000.0,72500000.0,0.0,3962956.4847457577,15851825.93898303,13474052.048135575,2377773.890847455,0.0,13474052.048135575,2377773.890847455,,,,,True,,,344558_20,19814782.423728786,False,,,1,0.2,0,0.0,0.05,1,19814782.423728786,0.075,0.4166666666666667,619211.9507415246,3962956.4847457577,0.0,15851825.938983029,15851825.938983029,True,1651231.8686440657,2025,0.85,13474052.048135575,2377773.890847454,0.0,13474052.048135575,2377773.890847454,990739.1211864394,0.0,990739.1211864394,0.0,842128.2530084735,1981478.2423728788,0.0,1981478.2423728788,0.0,1684256.506016947,990739.1211864394,0.0,990739.1211864394,0.0,842128.2530084735
344558,21,Eutelsat,FIID,ASO,2025-07-01,2026-06-30,Orbit,16937675.495607506,308192.808154846,2010-06-26,,SPACEBUS NEO,NULL,GEO-GSO,12.0,10519.0,K-VHTS,Thales Alenia Space France (Cannes),Thales Alenia Space France (Cannes),,2025-07-01,2026-06-30,Add Layer,0.85,7500000.0,72500000.0,0.0,3387535.0991215017,13550140.396486007,11517619.337013105,2032521.0594729013,0.0,11517619.337013105,2032521.0594729013,,,,,True,,,344558_21,16937675.495607506,False,,,1,0.2,0,0.0,0.05,1,16937675.495607506,0.075,0.4166666666666667,529302.3592377346,3387535.0991215017,0.0,13550140.396486005,13550140.396486005,True,1411472.9579672925,2025,0.85,11517619.337013103,2032521.0594729017,0.0,11517619.337013103,2032521.0594729017,846883.7747803754,0.0,846883.7747803754,0.0,719851.208563319,1693767.5495607508,0.0,1693767.5495607508,0.0,1439702.417126638,846883.7747803754,0.0,846883.7747803754,0.0,719851.208563319
344558,22,Eutelsat,FIID,ASO,2025-07-01,2026-06-30,Orbit,19814782.423728786,360543.773537872,2010-06-03,,SPACEBUS NEO,NULL,GEO-GSO,12.0,14159.0,E10B,Thales Alenia Space France (Cannes),Thales Alenia Space France (Cannes),,2025-07-01,2026-06-30,Add Layer,0.85,7500000.0,72500000.0,0.0,3962956.4847457577,15851825.93898303,13474052.048135575,2377773.890847455,0.0,13474052.048135575,2377773.890847455,,,,,True,,,344558_22,19814782.423728786,False,,,1,0.2,0,0.0,0.05,1,19814782.423728786,0.075,0.4166666666666667,619211.9507415246,3962956.4847457577,0.0,15851825.938983029,15851825.938983029,True,1651231.8686440657,2025,0.85,13474052.048135575,2377773.890847454,0.0,13474052.048135575,2377773.890847454,990739.1211864394,0.0,990739.1211864394,0.0,842128.2530084735,1981478.2423728788,0.0,1981478.2423728788,0.0,1684256.506016947,990739.1211864394,0.0,990739.1211864394,0.0,842128.2530084735
344558,23,Eutelsat,FIID,ASO,2025-07-01,2026-06-30,Orbit,19814782.423728786,360543.773537872,2011-09-21,,EUROSTAR NEO,NULL,GEO-GSO,12.0,13008.0,E13F,Airbus Defence and Space (Toulouse),Airbus Defence and Space (Toulouse),,2025-07-01,2026-06-30,Add Layer,0.85,7500000.0,72500000.0,0.0,3962956.4847457577,15851825.93898303,13474052.048135575,2377773.890847455,0.0,13474052.048135575,2377773.890847455,,,,,True,,,344558_23,19814782.423728786,False,,,1,0.2,0,0.0,0.05,1,19814782.423728786,0.075,0.4166666666666667,619211.9507415246,3962956.4847457577,0.0,15851825.938983029,15851825.938983029,True,1651231.8686440657,2025,0.85,13474052.048135575,2377773.890847454,0.0,13474052.048135575,2377773.890847454,990739.1211864394,0.0,990739.1211864394,0.0,842128.2530084735,1981478.2423728788,0.0,1981478.2423728788,0.0,1684256.506016947,990739.1211864394,0.0,990739.1211864394,0.0,842128.2530084735
271177,329405,PT Pasifik Satelit Nusantara Lima -   NUSANTARA LIMA - N5 ,FUL,ASC,2022-11-15,2025-11-14,L + 24 Months,27222223.0,1769444.0,2025-09-12,BSS-702MP (BOEING 702B),BOEING BSS 702,"FALCON 9, 5 & HEAVY",GEO-GSO,24.0,17950.0,NUSANTARA LIMA,Boeing Satellite Systems Inc.,Boeing Satellite Systems Inc.,Direct Open Market,2025-09-12,2027-03-12,,0.4,50000000.0,245000000.0,0.0,5444444.600000001,21777778.400000002,8711111.360000001,13066667.040000001,0.0,8711111.360000001,13066667.040000001,,,,,False,,,271177_329405,27222223.0,False,,,1,0.4,0,0.0,0.05,1,27222223.0,0.0,0.4166666666666667,0.0,5444444.600000001,0.0,21777778.4,21777778.4,False,0.0,2022,0.4,8711111.36,13066667.04,0.0,8711111.36,13066667.04,1361111.1500000001,1361111.1500000001,0.0,0.0,544444.4600000001,5444444.600000001,5444444.600000001,0.0,0.0,2177777.8400000003,1361111.1500000001,1361111.1500000001,0.0,0.0,544444.4600000001
276734,338150,PT Pasifik Satelit Nusantara Lima -   NUSANTARA LIMA - N5 ,FUL,ASC,2022-11-15,2025-11-15,L + 24 Months,7777778.0,505556.0,2025-09-12,BSS-702MP (BOEING 702B),BOEING BSS 702,"FALCON 9, 5 & HEAVY",GEO-GSO,24.0,17950.0,NUSANTARA LIMA,Boeing Satellite Systems Inc.,Boeing Satellite Systems Inc.,Direct Open Market,2025-09-12,2027-03-12,,0.4,50000000.0,245000000.0,0.0,1555555.6,6222222.4,2488888.9600000004,3733333.44,0.0,2488888.9600000004,3733333.44,,,,,False,,,276734_338150,7777778.0,False,,,1,0.4,0,0.0,0.05,1,7777778.0,0.0,0.4166666666666667,0.0,1555555.6,0.0,6222222.4,6222222.4,False,0.0,2022,0.4,2488888.9600000004,3733333.44,0.0,2488888.9600000004,3733333.44,388888.9,388888.9,0.0,0.0,155555.56000000003,1555555.6,1555555.6,0.0,0.0,622222.2400000001,388888.9,388888.9,0.0,0.0,155555.56000000003
277977,340161,Sirius XM Radio Inc.  Sirius XM - L+1,FUL,ASC,2022-12-31,2027-12-30,L + 12 Months,19999980.0,1157893.0,2025-06-07,MAXAR 1300 (FS-/LS-/SSL-1300),MAXAR 1300 (FS-/LS-/SSL-1300),"FALCON 9, 5 & HEAVY",GEO-GSO,12.0,17163.0,SXM-10,SSL (Space Systems/Loral),SSL (Space Systems/Loral),Direct Open Market,2025-06-07,2026-06-07,,0.4,50000000.0,245000000.0,0.0,3999996.0,15999984.0,6399993.600000001,9599990.4,0.0,6399993.600000001,9599990.4,,,,,False,,,277977_340161,19999980.0,False,,,1,0.2,0,0.0,0.05,1,19999980.0,0.0,0.4166666666666667,0.0,3999996.0,0.0,15999984.0,15999984.0,False,0.0,2022,0.4,6399993.600000001,9599990.399999999,0.0,6399993.600000001,9599990.399999999,999999.0,999999.0,0.0,0.0,399999.60000000003,1999998.0,1999998.0,0.0,0.0,799999.2000000001,999999.0,999999.0,0.0,0.0,399999.60000000003
278759,341459,Sirius XM Radio Inc.  Sirius XM - L+1 - TOFF,FUL,ASC,2022-12-31,2027-12-30,L + 12 Months,19999980.0,1157893.0,2025-06-07,MAXAR 1300 (FS-/LS-/SSL-1300),MAXAR 1300 (FS-/LS-/SSL-1300),"FALCON 9, 5 & HEAVY",GEO-GSO,12.0,17163.0,SXM-10,SSL (Space Systems/Loral),SSL (Space Systems/Loral),Direct Open Market,2025-06-07,2026-06-07,,0.4,50000000.0,245000000.0,0.0,3999996.0,15999984.0,6399993.600000001,9599990.4,0.0,6399993.600000001,9599990.4,,,,,False,,,278759_341459,19999980.0,False,,,1,0.2,0,0.0,0.05,1,19999980.0,0.0,0.4166666666666667,0.0,3999996.0,0.0,15999984.0,15999984.0,False,0.0,2022,0.4,6399993.600000001,9599990.399999999,0.0,6399993.600000001,9599990.399999999,999999.0,999999.0,0.0,0.0,399999.60000000003,1999998.0,1999998.0,0.0,0.0,799999.2000000001,999999.0,999999.0,0.0,0.0,399999.60000000003
328274,433090,Mapfre  Spainsat NG-1 & 2 - Launch + 16,FIID,ASC,2024-12-15,2026-12-14,L + 24 Months,26601157.980630264,3325144.7622626238,2025-01-30,EUROSTAR NEO,EUROSTAR NEO,"FALCON 9, 5 & HEAVY",GEO-GSO,24.0,13257.0,SPAINSAT NG-1,Airbus Defence and Space (Toulouse),Airbus Defence and Space/Thales Alenia Space JOINT,Direct Open Market,2025-01-30,2026-05-30,,0.85,7500000.0,72500000.0,0.0,5320231.5961260535,21280926.384504214,18088787.42682858,3192138.9576756326,0.0,18088787.42682858,3192138.9576756326,,,,,True,,,328274_433090,26601157.980630264,False,,,1,0.2,0,0.0,0.05,1,26601157.980630264,0.099,0.4166666666666667,1097297.7667009984,5320231.5961260535,0.0,21280926.38450421,21280926.38450421,False,0.0,2024,0.85,18088787.426828578,3192138.957675632,0.0,18088787.426828578,3192138.957675632,1330057.8990315134,0.0,1330057.8990315134,0.0,1130549.2141767861,2660115.7980630267,0.0,2660115.7980630267,0.0,2261098.4283535723,1330057.8990315134,0.0,1330057.8990315134,0.0,1130549.2141767861
328274,436566,Mapfre  Spainsat NG-1 & 2 - Launch + 16,FIID,ASC,2024-12-15,2026-12-14,L + 24 Months,26601157.980630264,3325144.7622626238,2025-10-24,EUROSTAR NEO,EUROSTAR NEO,"FALCON 9, 5 & HEAVY",GEO-GSO,24.0,13258.0,SPAINSAT NG-2,Airbus Defence and Space (Toulouse),Airbus Defence and Space/Thales Alenia Space JOINT,Direct Open Market,2025-10-24,2027-02-24,,0.85,7500000.0,72500000.0,0.0,5320231.5961260535,21280926.384504214,18088787.42682858,3192138.9576756326,0.0,18088787.42682858,3192138.9576756326,,,,,True,,,328274_436566,26601157.980630264,False,,,1,0.4,0,0.0,0.05,1,26601157.980630264,0.099,0.4166666666666667,1097297.7667009984,5320231.5961260535,0.0,21280926.38450421,21280926.38450421,True,2216763.1650525224,2024,0.85,18088787.426828578,3192138.957675632,0.0,18088787.426828578,3192138.957675632,1330057.8990315134,0.0,1330057.8990315134,0.0,1130549.2141767861,5320231.5961260535,0.0,5320231.5961260535,0.0,4522196.8567071445,1330057.8990315134,0.0,1330057.8990315134,0.0,1130549.2141767861
334082,445095,MAPFRE ESPAÑA COMPAÑÍA DE SEGUROS Y  Spainsat NG-1 Launch + 16 Top Up ,FIID,ASC,2025-01-16,2027-01-15,L + 24 Months,2256469.3948105536,315906.3754569203,2025-01-30,EUROSTAR NEO,EUROSTAR NEO,"FALCON 9, 5 & HEAVY",GEO-GSO,24.0,13257.0,SPAINSAT NG-1,Airbus Defence and Space (Toulouse),Airbus Defence and Space/Thales Alenia Space JOINT,Proportional Facultative,2025-01-30,2026-05-30,,0.85,7500000.0,72500000.0,0.0,451293.8789621107,1805175.515848443,1534399.1884711764,270776.3273772665,0.0,1534399.1884711764,270776.3273772665,,,,,True,,,334082_445095,2256469.3948105536,False,,,1,0.2,0,0.0,0.05,1,2256469.3948105536,0.075,0.4166666666666667,70514.6685878298,451293.8789621107,0.0,1805175.515848443,1805175.515848443,False,0.0,2025,0.85,1534399.1884711764,270776.3273772665,0.0,1534399.1884711764,270776.3273772665,112823.46974052768,0.0,112823.46974052768,0.0,95899.94927944854,225646.93948105536,0.0,225646.93948105536,0.0,191799.89855889708,112823.46974052768,0.0,112823.46974052768,0.0,95899.94927944854
334902,446645,Ovzon AB  Ovzon 3 - In Orbit,FIID,ASO,2025-02-01,2026-04-30,In-Orbit,10824710.703608299,316408.8041792499,2024-01-03,MAXAR 500 (LEGION (SSL-500)),MAXAR 500 (LEGION (SSL-500)) FAMILY,"FALCON 9, 5 & HEAVY",GEO-GSO,15.0,13325.0,OVZON-3,SSL (Space Systems/Loral),SSL (Space Systems/Loral),Direct Open Market,2025-02-01,2026-04-30,,0.85,7500000.0,72500000.0,0.0,2164942.1407216596,8659768.562886639,7360803.2784536425,1298965.284432996,0.0,7360803.2784536425,1298965.284432996,364248,,NTU,2026-05-01,True,,,334902_446645,10824710.703608299,False,,,1,0.2,0,0.0,0.05,1,10824710.703608299,0.075,0.4166666666666667,338272.20948775933,2164942.1407216596,0.0,8659768.562886639,8659768.562886639,True,902059.2253006916,2025,0.85,7360803.2784536425,1298965.284432996,0.0,7360803.2784536425,1298965.284432996,541235.5351804149,0.0,541235.5351804149,0.0,460050.2049033528,1082471.0703608298,0.0,1082471.0703608298,0.0,920100.4098067055,541235.5351804149,0.0,541235.5351804149,0.0,460050.2049033528
335513,447941,PAKISTAN REINSURANCE COMPANY LIMITED  - Paksat MM1(R) - IO,FUL,ASO,2025-05-30,2026-05-29,In-Orbit,21649484.5,303093.5030049472,2024-05-30,DFH-4E,DFH-4 FAMILY,"LONG MARCH 1, 2, 3, 4",GEO-GSO,12.0,12548.0,PAKSAT-MULTI MISSION 1 (PAKSAT-MM1),CAST - Chinese Academy of Space Technology,CGWIC - China Great Wall Industry Corp,Proportional Facultative,2025-05-30,2026-05-29,,0.5,50000000.0,245000000.0,0.0,4329896.9,17319587.6,8659793.8,8659793.8,0.0,8659793.8,8659793.8,384195,,NTU,2026-05-30,True,,,335513_447941,21649484.5,False,,,1,0.2,0,0.0,0.05,1,21649484.5,0.075,0.4166666666666667,676546.390625,4329896.9,0.0,17319587.6,17319587.6,True,1804123.7083333335,2025,0.5,8659793.8,8659793.8,0.0,8659793.8,8659793.8,1082474.225,1082474.225,0.0,0.0,541237.1125,2164948.45,2164948.45,0.0,0.0,1082474.225,1082474.225,1082474.225,0.0,0.0,541237.1125
340072,456306,THAICOM PCL  - Thaicom 8 - In Orbit,FUL,ASO,2025-05-28,2026-05-27,In-Orbit,11134020.6,116907.28829999987,2016-05-27,GEOSTAR 2.4E,GEOSTAR 2 (ORIG. STAR 2) FAMILY,"FALCON 9, 5 & HEAVY",GEO-GSO,12.0,9688.0,THAICOM 8,ORBITAL ATK INC.,ORBITAL ATK INC.,Direct Open Market,2025-05-28,2026-05-27,,0.5,50000000.0,245000000.0,0.0,2226804.12,8907216.48,4453608.24,4453608.24,0.0,4453608.24,4453608.24,378405,311122,NTU,2026-05-28,True,,,340072_456306,11134020.6,False,,,1,0.2,0,0.0,0.05,1,11134020.6,0.075,0.4166666666666667,347938.14375,2226804.12,0.0,8907216.48,8907216.48,True,927835.05,2025,0.5,4453608.24,4453608.24,0.0,4453608.24,4453608.24,556701.03,556701.03,0.0,0.0,278350.515,1113402.06,1113402.06,0.0,0.0,556701.03,556701.03,556701.03,0.0,0.0,278350.515
340405,457079,INMARSAT GLOBAL LIMITED  - Inmarsat 6 F1 - In Orbit,FUL,ASO,2025-04-22,2026-04-21,In-Orbit,10424239.776440699,151150.74849323672,2021-12-22,EUROSTAR E3000e (EOR),EUROSTAR E3000,"H-2, H-2S, H-2A & H-2B",GEO-GSO,12.0,10590.0,INMARSAT 6-F1,Airbus Defence and Space (Toulouse),Airbus Defence and Space (Stevenage),Direct Open Market,2025-04-22,2026-04-21,,0.5,50000000.0,245000000.0,0.0,2084847.9552881399,8339391.8211525595,4169695.9105762797,4169695.9105762797,0.0,4169695.9105762797,4169695.9105762797,373794,309921,NTU,2026-04-22,True,,,340405_457079,10424239.776440699,False,,,1,0.2,0,0.0,0.05,1,10424239.776440699,0.075,0.4166666666666667,325757.49301377183,2084847.9552881399,0.0,8339391.821152559,8339391.821152559,False,0.0,2025,0.5,4169695.9105762793,4169695.9105762793,0.0,4169695.9105762793,4169695.9105762793,521211.98882203497,521211.98882203497,0.0,0.0,260605.99441101748,1042423.9776440699,1042423.9776440699,0.0,0.0,521211.98882203497,521211.98882203497,521211.98882203497,0.0,0.0,260605.99441101748
340408,457089,AVANTI HYLAS 3 LIMITED  - Hylas 4 Orbit,FUL,ASO,2025-04-19,2026-04-18,In-Orbit,1237113.4,136083.4340068025,2018-04-05,GEOSTAR 3,GEOSTAR 3 FAMILY,ARIANE 5,GEO-GSO,12.0,10153.0,HYLAS 4,ORBITAL ATK INC.,Orbital Sciences Corporation,Direct Open Market,2025-04-19,2026-04-18,,0.5,50000000.0,245000000.0,0.0,247422.68,989690.72,494845.36,494845.36,0.0,494845.36,494845.36,373969,309329,NTU,2026-04-19,True,,,340408_457089,1237113.4,False,,,1,0.2,0,0.0,0.05,1,1237113.4,0.075,0.4166666666666667,38659.79375,247422.68,0.0,989690.72,989690.72,True,103092.78333333334,2025,0.5,494845.36,494845.36,0.0,494845.36,494845.36,61855.67,61855.67,0.0,0.0,30927.835,123711.34,123711.34,0.0,0.0,61855.67,61855.67,61855.67,0.0,0.0,30927.835
340408,457090,AVANTI HYLAS 3 LIMITED  - Hylas 4 Orbit,FUL,ASO,2025-04-19,2026-04-18,In-Orbit,10824742.25,184021.3982555657,2018-04-05,GEOSTAR 3,GEOSTAR 3 FAMILY,ARIANE 5,GEO-GSO,12.0,10153.0,HYLAS 4,ORBITAL ATK INC.,Orbital Sciences Corporation,Direct Open Market,2025-04-19,2026-04-18,,0.5,50000000.0,245000000.0,0.0,2164948.45,8659793.8,4329896.9,4329896.9,0.0,4329896.9,4329896.9,373969,309329,NTU,2026-04-19,True,,,340408_457090,10824742.25,False,,,1,0.2,0,0.0,0.05,1,10824742.25,0.075,0.4166666666666667,338273.1953125,2164948.45,0.0,8659793.8,8659793.8,True,902061.8541666667,2025,0.5,4329896.9,4329896.9,0.0,4329896.9,4329896.9,541237.1125,541237.1125,0.0,0.0,270618.55625,1082474.225,1082474.225,0.0,0.0,541237.1125,541237.1125,541237.1125,0.0,0.0,270618.55625
341429,458634,TURKIYE SIGORTA AS  - Turksat 6A - In Orbit RI,FUL,ASO,2025-04-10,2026-04-09,In-Orbit,7422681.018556699,248423.48760410518,2024-07-08,UNKNOWN,UNKNOWN,"FALCON 9, 5 & HEAVY",GEO-GSO,12.0,9785.0,TURKSAT 6A,Turkish Aerospace Industries (TAI/TUSAs),Turkish Aerospace Industries (TAI/TUSAs),Proportional Facultative,2025-04-10,2026-04-09,,0.5,50000000.0,245000000.0,0.0,1484536.20371134,5938144.81484536,2969072.40742268,2969072.40742268,0.0,2969072.40742268,2969072.40742268,377766,,Bound (Signed Off),2026-04-10,True,,,341429_458634,7422681.018556699,False,,,1,0.2,0,0.0,0.05,1,7422681.018556699,0.075,0.4166666666666667,231958.78182989688,1484536.20371134,0.0,5938144.814845359,5938144.814845359,True,618556.7515463916,2025,0.5,2969072.4074226795,2969072.4074226795,0.0,2969072.4074226795,2969072.4074226795,371134.050927835,371134.050927835,0.0,0.0,185567.0254639175,742268.10185567,742268.10185567,0.0,0.0,371134.050927835,371134.050927835,371134.050927835,0.0,0.0,185567.0254639175
341568,458837,MAXAR TECHNOLOGIES INC.  Maxar Legion Fleet,FUL,ASO,2025-05-03,2026-05-02,In-Orbit,4020619.7871133997,92475.1026561841,2024-05-02,MAXAR 500 (LEGION (SSL-500)),MAXAR 500 (LEGION (SSL-500)) FAMILY,"FALCON 9, 5 & HEAVY",LEO,12.0,12485.0,WORLDVIEW LEGION-1,Maxar Space Systems,Maxar Space Systems,Direct Open Market,2025-05-03,2026-05-02,,0.5,50000000.0,245000000.0,2.0,804123.95742268,3216495.82969072,1608247.91484536,1608247.91484536,0.0,1608247.91484536,1608247.91484536,,,,,True,,,341568_458837,4020619.7871133997,False,,,1,0.2,2,0.4,0.4,1,4020619.7871133997,0.075,0.4166666666666667,125644.36834729374,804123.95742268,0.0,3216495.82969072,3216495.82969072,True,335051.6489261167,2025,0.5,1608247.91484536,1608247.91484536,0.0,1608247.91484536,1608247.91484536,0.0,0.0,0.0,0.0,0.0,0.0,0.0,0.0,0.0,0.0,1608247.91484536,1608247.91484536,0.0,0.0,804123.95742268
341568,459135,MAXAR TECHNOLOGIES INC.  Maxar Legion Fleet,FUL,ASO,2025-08-16,2026-05-02,In-Orbit,4020619.7871133997,65870.90050856567,2024-05-02,MAXAR 500 (LEGION (SSL-500)),MAXAR 500 (LEGION (SSL-500)) FAMILY,"FALCON 9, 5 & HEAVY",LEO,9.0,12486.0,WORLDVIEW LEGION-2,Maxar Space Systems,Maxar Space Systems,Direct Open Market,2025-08-16,2026-05-02,,0.5,50000000.0,245000000.0,2.0,804123.95742268,3216495.82969072,1608247.91484536,1608247.91484536,0.0,1608247.91484536,1608247.91484536,,,,,True,,,341568_459135,4020619.7871133997,False,,,1,0.2,2,0.4,0.4,1,4020619.7871133997,0.075,0.4166666666666667,125644.36834729374,804123.95742268,0.0,3216495.82969072,3216495.82969072,True,335051.6489261167,2025,0.5,1608247.91484536,1608247.91484536,0.0,1608247.91484536,1608247.91484536,0.0,0.0,0.0,0.0,0.0,0.0,0.0,0.0,0.0,0.0,1608247.91484536,1608247.91484536,0.0,0.0,804123.95742268
341568,459136,MAXAR TECHNOLOGIES INC.  Maxar Legion Fleet,FUL,ASO,2025-08-16,2026-05-02,In-Orbit,4020619.7871133997,65870.90050856567,2024-08-15,MAXAR 500 (LEGION (SSL-500)),MAXAR 500 (LEGION (SSL-500)) FAMILY,"FALCON 9, 5 & HEAVY",LEO,9.0,12487.0,WORLDVIEW LEGION-3,Maxar Space Systems,Maxar Space Systems,Direct Open Market,2025-08-16,2026-05-02,,0.5,50000000.0,245000000.0,2.0,804123.95742268,3216495.82969072,1608247.91484536,1608247.91484536,0.0,1608247.91484536,1608247.91484536,,,,,True,,,341568_459136,4020619.7871133997,False,,,1,0.2,2,0.4,0.4,1,4020619.7871133997,0.075,0.4166666666666667,125644.36834729374,804123.95742268,0.0,3216495.82969072,3216495.82969072,True,335051.6489261167,2025,0.5,1608247.91484536,1608247.91484536,0.0,1608247.91484536,1608247.91484536,0.0,0.0,0.0,0.0,0.0,0.0,0.0,0.0,0.0,0.0,1608247.91484536,1608247.91484536,0.0,0.0,804123.95742268
341568,459137,MAXAR TECHNOLOGIES INC.  Maxar Legion Fleet,FUL,ASO,2025-05-03,2026-05-02,In-Orbit,4020619.7871133997,92475.1026561841,2024-08-15,MAXAR 500 (LEGION (SSL-500)),MAXAR 500 (LEGION (SSL-500)) FAMILY,"FALCON 9, 5 & HEAVY",LEO,12.0,12488.0,WORLDVIEW LEGION-4,Maxar Space Systems,Maxar Space Systems,Direct Open Market,2025-05-03,2026-05-02,,0.5,50000000.0,245000000.0,2.0,804123.95742268,3216495.82969072,1608247.91484536,1608247.91484536,0.0,1608247.91484536,1608247.91484536,,,,,True,,,341568_459137,4020619.7871133997,False,,,1,0.2,2,0.4,0.4,1,4020619.7871133997,0.075,0.4166666666666667,125644.36834729374,804123.95742268,0.0,3216495.82969072,3216495.82969072,True,335051.6489261167,2025,0.5,1608247.91484536,1608247.91484536,0.0,1608247.91484536,1608247.91484536,0.0,0.0,0.0,0.0,0.0,0.0,0.0,0.0,0.0,0.0,1608247.91484536,1608247.91484536,0.0,0.0,804123.95742268
342462,460214,AIRBUS DEFENCE AND SPACE SAS  PNEO3 & PNEO4 - IO,FIID,ASO,2025-04-29,2026-04-28,In-Orbit,10003270.37105984,280092.6054020511,2021-04-29,S950 OPTICAL (ASTROBUS-S 950 OPTICAL) (AIRBUS),ASTROBUS/ASTROSAT/S-BUS FAMILY (AIRBUS),VEGA,LEO,12.0,13887.0,PLEIADES NEO 3,Airbus Defence and Space (Toulouse),Airbus Defence and Space (Toulouse),Direct Open Market,2025-04-29,2026-04-28,,0.85,7500000.0,72500000.0,1.0,2000654.074211968,8002616.296847872,6802223.852320692,1200392.444527181,0.0,6802223.852320692,1200392.444527181,373544,,NTU,2026-04-29,True,,,342462_460214,10003270.37105984,False,,,1,0.2,1,0.4,0.4,1,10003270.37105984,0.075,0.4166666666666667,312602.19909562,2000654.074211968,0.0,8002616.296847872,8002616.296847872,True,833605.8642549868,2025,0.85,6802223.852320692,1200392.4445271809,0.0,6802223.852320692,1200392.4445271809,0.0,0.0,0.0,0.0,0.0,0.0,0.0,0.0,0.0,0.0,4001308.148423936,0.0,4001308.148423936,0.0,3401111.9261603463
342462,460219,AIRBUS DEFENCE AND SPACE SAS  PNEO3 & PNEO4 - IO,FIID,ASO,2025-04-29,2026-04-28,In-Orbit,10003270.37105984,280092.6054020511,2021-08-17,S950 OPTICAL (ASTROBUS-S 950 OPTICAL) (AIRBUS),ASTROBUS/ASTROSAT/S-BUS FAMILY (AIRBUS),VEGA,LEO,12.0,13888.0,PLEIADES NEO 4,Airbus Defence and Space (Stevenage),Airbus Defence and Space (Stevenage),Direct Open Market,2025-04-29,2026-04-28,,0.85,7500000.0,72500000.0,1.0,2000654.074211968,8002616.296847872,6802223.852320692,1200392.444527181,0.0,6802223.852320692,1200392.444527181,373544,,NTU,2026-04-29,True,,,342462_460219,10003270.37105984,False,,,1,0.2,1,0.4,0.4,1,10003270.37105984,0.075,0.4166666666666667,312602.19909562,2000654.074211968,0.0,8002616.296847872,8002616.296847872,True,833605.8642549868,2025,0.85,6802223.852320692,1200392.4445271809,0.0,6802223.852320692,1200392.4445271809,0.0,0.0,0.0,0.0,0.0,0.0,0.0,0.0,0.0,0.0,4001308.148423936,0.0,4001308.148423936,0.0,3401111.9261603463
343722,463279,Mapfre Re Compania De Reaseguros S.A.  Hispasat NEXUS - In Orbit ,FIID,ASO,2025-06-07,2026-06-06,In-Orbit,28126299.222142108,459749.3049688398,2023-02-07,SPACEBUS NEO 200,SPACEBUS NEO FAMILY,"FALCON 9, 5 & HEAVY",GEO-GSO,12.0,14294.0,AMAZONAS NEXUS,Thales Alenia Space France (Cannes),Thales Alenia Space France (Cannes),Proportional Facultative,2025-06-07,2026-06-06,,0.85,7500000.0,72500000.0,0.0,5625259.844428422,22501039.377713688,19125883.471056633,3375155.9066570536,0.0,19125883.471056633,3375155.9066570536,389204,,NTU,2026-06-30,True,,,343722_463279,28126299.222142108,False,,,1,0.2,0,0.0,0.05,1,28126299.222142108,0.075,0.4166666666666667,878946.8506919409,5625259.844428422,0.0,22501039.377713688,22501039.377713688,False,0.0,2025,0.85,19125883.471056633,3375155.906657055,0.0,19125883.471056633,3375155.906657055,1406314.9611071055,0.0,1406314.9611071055,0.0,1195367.7169410398,2812629.922214211,0.0,2812629.922214211,0.0,2390735.4338820796,1406314.9611071055,0.0,1406314.9611071055,0.0,1195367.7169410398
343724,463281,INMARSAT GLOBAL LIMITED  - In-Orbit,FUL,ASO,2025-07-01,2026-05-27,In-Orbit,10816672.559291799,141699.47667971047,2019-11-26,SPACEBUS 4000B2,SPACEBUS 4000,ARIANE 5,GEO-GSO,11.0,11969.0,INMARSAT 5-F5 (INMARSAT GX-5),Thales Alenia Space France (Cannes),Thales Alenia Space France (Cannes),Direct Open Market,2025-07-01,2026-05-27,,0.5,50000000.0,245000000.0,0.0,2163334.51185836,8653338.04743344,4326669.02371672,4326669.02371672,0.0,4326669.02371672,4326669.02371672,385466,311321,Quoted/Awaiting FOT,2026-07-01,True,,,343724_463281,10816672.559291799,False,,,1,0.2,0,0.0,0.05,1,10816672.559291799,0.075,0.4166666666666667,338021.0174778687,2163334.51185836,0.0,8653338.04743344,8653338.04743344,True,901389.3799409834,2025,0.5,4326669.02371672,4326669.02371672,0.0,4326669.02371672,4326669.02371672,540833.62796459,540833.62796459,0.0,0.0,270416.813982295,1081667.25592918,1081667.25592918,0.0,0.0,540833.62796459,540833.62796459,540833.62796459,0.0,0.0,270416.813982295
343724,463282,INMARSAT GLOBAL LIMITED  - In-Orbit,FUL,ASO,2025-07-01,2026-06-30,In-Orbit,7621566.7914211,141699.47667971047,2017-06-28,SPACEBUS 4000C4,SPACEBUS 4000,ARIANE 5,GEO-GSO,12.0,7353.0,HELLAS-SAT 3/INMARSAT-S-EAN,Thales Alenia Space France (Cannes),Thales Alenia Space France (Cannes),Direct Open Market,2025-07-01,2026-06-30,,0.5,50000000.0,245000000.0,0.0,1524313.35828422,6097253.43313688,3048626.71656844,3048626.71656844,0.0,3048626.71656844,3048626.71656844,385466,311321,Quoted/Awaiting FOT,2026-07-01,True,,,343724_463282,7621566.7914211,False,,,1,0.2,0,0.0,0.05,1,7621566.7914211,0.075,0.4166666666666667,238173.96223190936,1524313.35828422,0.0,6097253.4331368795,6097253.4331368795,True,635130.5659517584,2025,0.5,3048626.7165684397,3048626.7165684397,0.0,3048626.7165684397,3048626.7165684397,381078.339571055,381078.339571055,0.0,0.0,190539.1697855275,762156.67914211,762156.67914211,0.0,0.0,381078.339571055,381078.339571055,381078.339571055,0.0,0.0,190539.1697855275
343724,463283,INMARSAT GLOBAL LIMITED  - In-Orbit,FUL,ASO,2025-07-01,2026-06-30,In-Orbit,6529238.3396334,85531.84989930259,2013-07-25,ALPHABUS,ALPHABUS,ARIANE 5,GEO-GSO,12.0,7519.0,ALPHASAT I-XL,Thales Alenia Space France (Toulouse),EADS Astrium/Thales Consortium,Direct Open Market,2025-07-01,2026-06-30,,0.5,50000000.0,245000000.0,0.0,1305847.66792668,5223390.67170672,2611695.33585336,2611695.33585336,0.0,2611695.33585336,2611695.33585336,385466,311321,Quoted/Awaiting FOT,2026-07-01,True,,,343724_463283,6529238.3396334,False,,,1,0.2,0,0.0,0.05,1,6529238.3396334,0.075,0.4166666666666667,204038.69811354374,1305847.66792668,0.0,5223390.671706719,5223390.671706719,True,544103.19496945,2025,0.5,2611695.3358533597,2611695.3358533597,0.0,2611695.3358533597,2611695.3358533597,326461.91698167,326461.91698167,0.0,0.0,163230.958490835,652923.83396334,652923.83396334,0.0,0.0,326461.91698167,326461.91698167,326461.91698167,0.0,0.0,163230.958490835
343724,463284,INMARSAT GLOBAL LIMITED  - In-Orbit,FUL,ASO,2025-07-01,2026-06-30,In-Orbit,13126283.4832775,171954.10656413148,2017-05-15,BSS-702HP (BOEING 702HP),BOEING BSS 702,"FALCON 9, 5 & HEAVY",GEO-GSO,12.0,9739.0,INMARSAT 5-F4 (INMARSAT GX-4),Boeing Satellite Systems Inc.,Boeing Satellite Systems Inc.,Direct Open Market,2025-07-01,2026-06-30,,0.5,50000000.0,245000000.0,0.0,2625256.6966555,10501026.786622,5250513.393311,5250513.393311,0.0,5250513.393311,5250513.393311,385466,311321,Quoted/Awaiting FOT,2026-07-01,True,,,343724_463284,13126283.4832775,False,,,1,0.2,0,0.0,0.05,1,13126283.4832775,0.075,0.4166666666666667,410196.35885242186,2625256.6966555,0.0,10501026.786621999,10501026.786621999,True,1093856.9569397918,2025,0.5,5250513.3933109995,5250513.3933109995,0.0,5250513.3933109995,5250513.3933109995,656314.174163875,656314.174163875,0.0,0.0,328157.0870819375,1312628.34832775,1312628.34832775,0.0,0.0,656314.174163875,656314.174163875,656314.174163875,0.0,0.0,328157.0870819375
343724,463285,INMARSAT GLOBAL LIMITED  - In-Orbit,FUL,ASO,2025-07-01,2026-06-30,In-Orbit,9550287.200577699,125108.15061334208,2015-08-28,BSS-702HP (BOEING 702HP),BOEING BSS 702,PROTON,GEO-GSO,12.0,9013.0,INMARSAT 5-F3 (INMARSAT GX-3),Boeing Satellite Systems Inc.,Boeing Satellite Systems Inc.,Direct Open Market,2025-07-01,2026-06-30,,0.5,50000000.0,245000000.0,0.0,1910057.4401155398,7640229.760462159,3820114.8802310796,3820114.8802310796,0.0,3820114.8802310796,3820114.8802310796,385466,311321,Quoted/Awaiting FOT,2026-07-01,True,,,343724_463285,9550287.200577699,False,,,1,0.2,0,0.0,0.05,1,9550287.200577699,0.075,0.4166666666666667,298446.4750180531,1910057.4401155398,0.0,7640229.760462159,7640229.760462159,True,795857.2667148083,2025,0.5,3820114.8802310796,3820114.8802310796,0.0,3820114.8802310796,3820114.8802310796,477514.36002888496,477514.36002888496,0.0,0.0,238757.18001444248,955028.7200577699,955028.7200577699,0.0,0.0,477514.36002888496,477514.36002888496,477514.36002888496,0.0,0.0,238757.18001444248
343724,463286,INMARSAT GLOBAL LIMITED  - In-Orbit,FUL,ASO,2025-07-01,2026-06-30,In-Orbit,9334080.6029999,122276.12909476314,2015-02-01,BSS-702HP (BOEING 702HP),BOEING BSS 702,PROTON,GEO-GSO,12.0,9012.0,INMARSAT 5-F2 (INMARSAT GX-2),Boeing Satellite Systems Inc.,Boeing Satellite Systems Inc.,Direct Open Market,2025-07-01,2026-06-30,,0.5,50000000.0,245000000.0,0.0,1866816.12059998,7467264.48239992,3733632.24119996,3733632.24119996,0.0,3733632.24119996,3733632.24119996,385466,311321,Quoted/Awaiting FOT,2026-07-01,True,,,343724_463286,9334080.6029999,False,,,1,0.2,0,0.0,0.05,1,9334080.6029999,0.075,0.4166666666666667,291690.01884374686,1866816.12059998,0.0,7467264.48239992,7467264.48239992,True,777840.0502499917,2025,0.5,3733632.24119996,3733632.24119996,0.0,3733632.24119996,3733632.24119996,466704.030149995,466704.030149995,0.0,0.0,233352.0150749975,933408.06029999,933408.06029999,0.0,0.0,466704.030149995,466704.030149995,466704.030149995,0.0,0.0,233352.0150749975
343724,463287,INMARSAT GLOBAL LIMITED  - In-Orbit,FUL,ASO,2025-07-01,2026-06-30,In-Orbit,8205132.9760155,107487.21672332886,2013-12-08,BSS-702HP (BOEING 702HP),BOEING BSS 702,PROTON,GEO-GSO,12.0,9011.0,INMARSAT 5-F1 (INMARSAT GX-1),Boeing Satellite Systems Inc.,Boeing Satellite Systems Inc.,Direct Open Market,2025-07-01,2026-06-30,,0.5,50000000.0,245000000.0,0.0,1641026.5952031,6564106.3808124,3282053.1904062,3282053.1904062,0.0,3282053.1904062,3282053.1904062,385466,311321,Quoted/Awaiting FOT,2026-07-01,True,,,343724_463287,8205132.9760155,False,,,1,0.2,0,0.0,0.05,1,8205132.9760155,0.075,0.4166666666666667,256410.40550048434,1641026.5952031,0.0,6564106.3808124,6564106.3808124,True,683761.081334625,2025,0.5,3282053.1904062,3282053.1904062,0.0,3282053.1904062,3282053.1904062,410256.648800775,410256.648800775,0.0,0.0,205128.3244003875,820513.29760155,820513.29760155,0.0,0.0,410256.648800775,410256.648800775,410256.648800775,0.0,0.0,205128.3244003875
343724,463288,INMARSAT GLOBAL LIMITED  - In-Orbit,FUL,ASO,2025-07-01,2026-06-30,In-Orbit,19617551.7198814,256989.1526892105,2021-12-22,EUROSTAR E3000e (EOR),EUROSTAR E3000,"H-2, H-2S, H-2A & H-2B",GEO-GSO,12.0,10590.0,INMARSAT 6-F1,Airbus Defence and Space (Toulouse),Airbus Defence and Space (Stevenage),Direct Open Market,2025-07-01,2026-06-30,,0.5,50000000.0,245000000.0,0.0,3923510.34397628,15694041.37590512,7847020.68795256,7847020.68795256,0.0,7847020.68795256,7847020.68795256,385466,311321,Quoted/Awaiting FOT,2026-07-01,True,,,343724_463288,19617551.7198814,False,,,1,0.2,0,0.0,0.05,1,19617551.7198814,0.075,0.4166666666666667,613048.4912462938,3923510.34397628,0.0,15694041.37590512,15694041.37590512,False,0.0,2025,0.5,7847020.68795256,7847020.68795256,0.0,7847020.68795256,7847020.68795256,980877.58599407,980877.58599407,0.0,0.0,490438.792997035,1961755.17198814,1961755.17198814,0.0,0.0,980877.58599407,980877.58599407,980877.58599407,0.0,0.0,490438.792997035
341568,473581,MAXAR TECHNOLOGIES INC.  Maxar Legion Fleet,FUL,ASO,2025-08-16,2026-05-02,In-Orbit,4020619.7871133997,65870.90050856567,2024-05-02,MAXAR 500 (LEGION (SSL-500)),MAXAR 500 (LEGION (SSL-500)) FAMILY,"FALCON 9, 5 & HEAVY",LEO,9.0,12486.0,WORLDVIEW LEGION-2,Maxar Space Systems,Maxar Space Systems,Direct Open Market,2025-08-16,2026-05-02,,0.5,50000000.0,245000000.0,2.0,804123.95742268,3216495.82969072,1608247.91484536,1608247.91484536,0.0,1608247.91484536,1608247.91484536,,,,,True,,,341568_473581,4020619.7871133997,False,,,1,0.2,2,0.4,0.4,1,4020619.7871133997,0.075,0.4166666666666667,125644.36834729374,804123.95742268,0.0,3216495.82969072,3216495.82969072,True,335051.6489261167,2025,0.5,1608247.91484536,1608247.91484536,0.0,1608247.91484536,1608247.91484536,0.0,0.0,0.0,0.0,0.0,0.0,0.0,0.0,0.0,0.0,1608247.91484536,1608247.91484536,0.0,0.0,804123.95742268
341568,473582,MAXAR TECHNOLOGIES INC.  Maxar Legion Fleet,FUL,ASO,2025-05-03,2026-05-02,In-Orbit,4020619.7871133997,92475.1026561841,2024-08-15,MAXAR 500 (LEGION (SSL-500)),MAXAR 500 (LEGION (SSL-500)) FAMILY,"FALCON 9, 5 & HEAVY",LEO,12.0,12487.0,WORLDVIEW LEGION-3,Maxar Space Systems,Maxar Space Systems,Direct Open Market,2025-05-03,2026-05-02,,0.5,50000000.0,245000000.0,2.0,804123.95742268,3216495.82969072,1608247.91484536,1608247.91484536,0.0,1608247.91484536,1608247.91484536,,,,,True,,,341568_473582,4020619.7871133997,False,,,1,0.2,2,0.4,0.4,1,4020619.7871133997,0.075,0.4166666666666667,125644.36834729374,804123.95742268,0.0,3216495.82969072,3216495.82969072,True,335051.6489261167,2025,0.5,1608247.91484536,1608247.91484536,0.0,1608247.91484536,1608247.91484536,0.0,0.0,0.0,0.0,0.0,0.0,0.0,0.0,0.0,0.0,1608247.91484536,1608247.91484536,0.0,0.0,804123.95742268
341568,473583,MAXAR TECHNOLOGIES INC.  Maxar Legion Fleet,FUL,ASO,2025-08-16,2026-05-02,In-Orbit,4020619.7871133997,65870.90050856567,2024-08-15,MAXAR 500 (LEGION (SSL-500)),MAXAR 500 (LEGION (SSL-500)) FAMILY,"FALCON 9, 5 & HEAVY",LEO,9.0,12488.0,WORLDVIEW LEGION-4,Maxar Space Systems,Maxar Space Systems,Direct Open Market,2025-08-16,2026-05-02,,0.5,50000000.0,245000000.0,2.0,804123.95742268,3216495.82969072,1608247.91484536,1608247.91484536,0.0,1608247.91484536,1608247.91484536,,,,,True,,,341568_473583,4020619.7871133997,False,,,1,0.2,2,0.4,0.4,1,4020619.7871133997,0.075,0.4166666666666667,125644.36834729374,804123.95742268,0.0,3216495.82969072,3216495.82969072,True,335051.6489261167,2025,0.5,1608247.91484536,1608247.91484536,0.0,1608247.91484536,1608247.91484536,0.0,0.0,0.0,0.0,0.0,0.0,0.0,0.0,0.0,0.0,1608247.91484536,1608247.91484536,0.0,0.0,804123.95742268
341568,473584,MAXAR TECHNOLOGIES INC.  Maxar Legion Fleet,FUL,ASO,2025-05-03,2026-05-02,In-Orbit,4020619.7871133997,92475.1026561841,2024-05-02,MAXAR 500 (LEGION (SSL-500)),MAXAR 500 (LEGION (SSL-500)) FAMILY,"FALCON 9, 5 & HEAVY",LEO,12.0,12485.0,WORLDVIEW LEGION-1,Maxar Space Systems,Maxar Space Systems,Direct Open Market,2025-05-03,2026-05-02,,0.5,50000000.0,245000000.0,2.0,804123.95742268,3216495.82969072,1608247.91484536,1608247.91484536,0.0,1608247.91484536,1608247.91484536,,,,,True,,,341568_473584,4020619.7871133997,False,,,1,0.2,2,0.4,0.4,1,4020619.7871133997,0.075,0.4166666666666667,125644.36834729374,804123.95742268,0.0,3216495.82969072,3216495.82969072,True,335051.6489261167,2025,0.5,1608247.91484536,1608247.91484536,0.0,1608247.91484536,1608247.91484536,0.0,0.0,0.0,0.0,0.0,0.0,0.0,0.0,0.0,0.0,1608247.91484536,1608247.91484536,0.0,0.0,804123.95742268
349445,475172,Global Satellite Vu Ltd  - Hotsat 2 & 3 - L+1,FUL,ASC,2025-10-15,2027-10-14,L + 12 Months,2477105.9531910773,346796.1149453116,2026-03-30,SSTL MICRO (SSTL-X50/SSTL-42),SSTL MICRO (SSTL-42/-50/-X50/-70/-100),"FALCON 9, 5 & HEAVY",LEO,12.0,18829.0,HOTSAT-2 (SATELLITE VU 2),SSTL - Surrey Satellite Technology Limited (Part of Airbus DS),SSTL - Surrey Satellite Technology Limited (Part of Airbus DS),Direct Open Market,2026-03-30,2027-03-30,,0.5,50000000.0,245000000.0,12.0,495421.1906382155,1981684.762552862,990842.381276431,990842.381276431,0.0,990842.381276431,990842.381276431,,,,,True,,,349445_475172,2477105.9531910773,False,,,1,0.4,12,0.8,0.4,1,2477105.9531910773,0.075,0.4166666666666667,77409.56103722117,495421.1906382155,0.0,1981684.7625528618,1981684.7625528618,True,206425.49609925647,2025,0.5,990842.3812764309,990842.3812764309,0.0,990842.3812764309,990842.3812764309,0.0,0.0,0.0,0.0,0.0,0.0,0.0,0.0,0.0,0.0,990842.381276431,990842.381276431,0.0,0.0,495421.1906382155
350998,477970,SPACE NORWAY HEOSAT AS   - ASBM1 ASBM2 IO,FIID,ASO,2025-08-12,2026-08-11,In-Orbit,3092820.6134019997,77321.38751360524,2024-08-12,GEOSTAR 3,GEOSTAR 3 FAMILY,"FALCON 9, 5 & HEAVY",GEO-GSO,12.0,13874.0,ASBM 1 (NORWAY),NGIS (Northrop Grumman Innovation Systems),NGIS (Northrop Grumman Innovation Systems),Direct Open Market,2025-08-12,2026-08-11,,0.85,7500000.0,72500000.0,0.0,618564.1226803999,2474256.4907215997,2103118.0171133596,371138.47360824,0.0,2103118.0171133596,371138.47360824,391762,,Quoted/Awaiting FOT,2026-08-12,True,,,350998_477970,3092820.6134019997,False,,,1,0.2,0,0.0,0.05,1,3092820.6134019997,0.075,0.4166666666666667,96650.64416881249,618564.1226803999,0.0,2474256.4907215997,2474256.4907215997,True,257735.05111683332,2025,0.85,2103118.0171133596,371138.47360824,0.0,2103118.0171133596,371138.47360824,154641.03067009998,0.0,154641.03067009998,0.0,131444.87606958498,309282.06134019996,0.0,309282.06134019996,0.0,262889.75213916996,154641.03067009998,0.0,154641.03067009998,0.0,131444.87606958498
351875,479568,AVANTI HYLAS 3 LIMITED  - HYLAS 3 - In Orbit,FUL,ASO,2025-08-06,2026-08-05,In-Orbit,5257732.5685567,69665.32933997358,2019-08-06,SmallGEO (OHB),SmallGEO (OHB) Luxor FAMILY,ARIANE 5,GEO-GSO,12.0,9314.0,EDRS C (HYLAS 3),OHB-SYSTEM AG (HQ),Airbus Defence and Space (Stevenage),Direct Open Market,2025-08-06,2026-08-05,,0.5,50000000.0,245000000.0,0.0,1051546.51371134,4206186.05484536,2103093.02742268,2103093.02742268,0.0,2103093.02742268,2103093.02742268,391770,,Opportunity,2026-08-06,True,,,351875_479568,5257732.5685567,False,,,1,0.2,0,0.0,0.05,1,5257732.5685567,0.075,0.4166666666666667,164304.14276739687,1051546.51371134,0.0,4206186.05484536,4206186.05484536,True,438144.38071305834,2025,0.5,2103093.02742268,2103093.02742268,0.0,2103093.02742268,2103093.02742268,262886.628427835,262886.628427835,0.0,0.0,131443.3142139175,525773.25685567,525773.25685567,0.0,0.0,262886.628427835,262886.628427835,262886.628427835,0.0,0.0,131443.3142139175
356083,484966,"VIASAT, INC.  - Viasat 1, 2 & KA-SAT - In Orbit",FUL,ASO,2025-10-19,2026-10-18,In-Orbit,5608052.1556017,120130.51279132886,2011-10-19,MAXAR 1300 (FS-/LS-/SSL-1300),MAXAR 1300 (FS-/LS-/SSL-1300),PROTON,GEO-GSO,12.0,8604.0,VIASAT-1,SSL (Space Systems/Loral),SSL (Space Systems/Loral),Direct Open Market,2025-10-19,2026-10-18,,0.5,50000000.0,245000000.0,0.0,1121610.43112034,4486441.72448136,2243220.86224068,2243220.86224068,0.0,2243220.86224068,2243220.86224068,,327103,,,True,,,356083_484966,5608052.1556017,False,,,1,0.4,0,0.0,0.05,1,5608052.1556017,0.075,0.4166666666666667,175251.62986255312,1121610.43112034,0.0,4486441.72448136,4486441.72448136,True,467337.679633475,2025,0.5,2243220.86224068,2243220.86224068,0.0,2243220.86224068,2243220.86224068,280402.607780085,280402.607780085,0.0,0.0,140201.3038900425,1121610.43112034,1121610.43112034,0.0,0.0,560805.21556017,280402.607780085,280402.607780085,0.0,0.0,140201.3038900425
356083,484967,"VIASAT, INC.  - Viasat 1, 2 & KA-SAT - In Orbit",FUL,ASO,2025-10-19,2026-10-18,In-Orbit,4521747.2089586,92011.89913674993,2010-12-26,EUROSTAR E3000,EUROSTAR E3000,PROTON,GEO-GSO,12.0,8603.0,KA-SAT,Astrium Satellites SAS (Toulouse) (Part of EADS),Astrium Satellites SAS (Toulouse) (Part of EADS),Direct Open Market,2025-10-19,2026-10-18,,0.5,50000000.0,245000000.0,0.0,904349.44179172,3617397.76716688,1808698.88358344,1808698.88358344,0.0,1808698.88358344,1808698.88358344,,327103,,,True,,,356083_484967,4521747.2089586,False,,,1,0.4,0,0.0,0.05,1,4521747.2089586,0.075,0.4166666666666667,141304.60027995624,904349.44179172,0.0,3617397.76716688,3617397.76716688,True,376812.2674132167,2025,0.5,1808698.88358344,1808698.88358344,0.0,1808698.88358344,1808698.88358344,226087.36044793,226087.36044793,0.0,0.0,113043.680223965,904349.44179172,904349.44179172,0.0,0.0,452174.72089586,226087.36044793,226087.36044793,0.0,0.0,113043.680223965
356083,484968,"VIASAT, INC.  - Viasat 1, 2 & KA-SAT - In Orbit",FUL,ASO,2025-10-19,2026-10-18,In-Orbit,9278349.8814433,414082.3463352235,2017-06-01,BSS-702HP (BOEING 702HP),BOEING BSS 702,ARIANE 5,GEO-GSO,12.0,9635.0,VIASAT-2,Boeing Satellite Systems Inc.,Boeing Satellite Systems Inc.,Direct Open Market,2025-10-19,2026-10-18,,0.5,50000000.0,245000000.0,0.0,1855669.97628866,7422679.90515464,3711339.95257732,3711339.95257732,0.0,3711339.95257732,3711339.95257732,,327103,,,True,,,356083_484968,9278349.8814433,False,,,1,0.4,0,0.0,0.05,1,9278349.8814433,0.075,0.4166666666666667,289948.4337951031,1855669.97628866,0.0,7422679.90515464,7422679.90515464,True,773195.8234536083,2025,0.5,3711339.95257732,3711339.95257732,0.0,3711339.95257732,3711339.95257732,463917.494072165,463917.494072165,0.0,0.0,231958.7470360825,1855669.97628866,1855669.97628866,0.0,0.0,927834.98814433,463917.494072165,463917.494072165,0.0,0.0,231958.7470360825
356130,485048,Japanese Aviation Insurance Pool  - BSAT 4a & 4b - IO,FUL,ASO,2025-11-01,2026-10-31,In-Orbit,2544859.3288244214,32536.09756662884,2017-09-29,MAXAR 1300 (FS-/LS-/SSL-1300),MAXAR 1300 (FS-/LS-/SSL-1300),ARIANE 5,GEO-GSO,12.0,10403.0,BSAT 4A,SSL (Space Systems/Loral),SSL (Space Systems/Loral),Proportional Facultative,2025-11-01,2026-10-31,,0.5,50000000.0,245000000.0,0.0,508971.8657648843,2035887.463059537,1017943.7315297686,1017943.7315297686,0.0,1017943.7315297686,1017943.7315297686,,326255,,,True,,,356130_485048,2544859.3288244214,False,,,1,0.4,0,0.0,0.05,1,2544859.3288244214,0.075,0.4166666666666667,79526.85402576317,508971.8657648843,0.0,2035887.463059537,2035887.463059537,True,212071.61073536845,2025,0.5,1017943.7315297686,1017943.7315297686,0.0,1017943.7315297686,1017943.7315297686,127242.96644122107,127242.96644122107,0.0,0.0,63621.483220610535,508971.8657648843,508971.8657648843,0.0,0.0,254485.93288244214,127242.96644122107,127242.96644122107,0.0,0.0,63621.483220610535
356130,485050,Japanese Aviation Insurance Pool  - BSAT 4a & 4b - IO,FUL,ASO,2025-11-01,2026-10-31,In-Orbit,2939010.0213085674,44863.311429339155,2020-08-15,MAXAR 1300 (FS-/LS-/SSL-1300),MAXAR 1300 (FS-/LS-/SSL-1300),ARIANE 5,GEO-GSO,12.0,12491.0,BSAT 4B,SSL (Space Systems/Loral),SSL (Space Systems/Loral),Proportional Facultative,2025-11-01,2026-10-31,,0.5,50000000.0,245000000.0,0.0,587802.0042617135,2351208.017046854,1175604.008523427,1175604.008523427,0.0,1175604.008523427,1175604.008523427,,326255,,,True,,,356130_485050,2939010.0213085674,False,,,1,0.4,0,0.0,0.05,1,2939010.0213085674,0.075,0.4166666666666667,91844.06316589273,587802.0042617135,0.0,2351208.017046854,2351208.017046854,True,244917.50177571396,2025,0.5,1175604.008523427,1175604.008523427,0.0,1175604.008523427,1175604.008523427,146950.50106542837,146950.50106542837,0.0,0.0,73475.25053271418,587802.0042617135,587802.0042617135,0.0,0.0,293901.00213085674,146950.50106542837,146950.50106542837,0.0,0.0,73475.25053271418
356133,485057,Vantor Inc.  - (Maxar) Worldview LEO Fleet IO,FUL,ASO,2025-10-09,2026-10-08,In-Orbit,2164947.8314433,125338.5523640921,2007-09-18,BCP 5000,BCP 5000 FAMILY,DELTA I - III ,LEO,12.0,7894.0,WORLDVIEW 1,BALL AEROSPACE AND TECHNOLOGIES CORP (HQ),BALL AEROSPACE AND TECHNOLOGIES CORP (HQ),Direct Open Market,2025-10-09,2026-10-08,,0.5,50000000.0,245000000.0,7.0,432989.56628866005,1731958.2651546402,865979.1325773201,865979.1325773201,0.0,865979.1325773201,865979.1325773201,,325886,,,True,,,356133_485057,2164947.8314433,False,,,1,0.4,7,0.6,0.4,1,2164947.8314433,0.075,0.4166666666666667,67654.61973260313,432989.56628866005,0.0,1731958.26515464,1731958.26515464,True,180412.3192869417,2025,0.5,865979.13257732,865979.13257732,0.0,865979.13257732,865979.13257732,0.0,0.0,0.0,0.0,0.0,0.0,0.0,0.0,0.0,0.0,865979.1325773201,865979.1325773201,0.0,0.0,432989.56628866005
356133,485059,Vantor Inc.  - (Maxar) Worldview LEO Fleet IO,FUL,ASO,2025-10-09,2026-10-08,In-Orbit,3865978.7564433,172952.5141503025,2014-08-13,BCP 5000,BCP 5000 FAMILY,ATLAS V,LEO,12.0,9033.0,WORLDVIEW 3,BALL AEROSPACE AND TECHNOLOGIES CORP (HQ),BALL AEROSPACE AND TECHNOLOGIES CORP (HQ),Direct Open Market,2025-10-09,2026-10-08,,0.5,50000000.0,245000000.0,7.0,773195.75128866,3092783.00515464,1546391.50257732,1546391.50257732,0.0,1546391.50257732,1546391.50257732,,325886,,,True,,,356133_485059,3865978.7564433,False,,,1,0.4,7,0.6,0.4,1,3865978.7564433,0.075,0.4166666666666667,120811.8361388531,773195.75128866,0.0,3092783.00515464,3092783.00515464,True,322164.896370275,2025,0.5,1546391.50257732,1546391.50257732,0.0,1546391.50257732,1546391.50257732,0.0,0.0,0.0,0.0,0.0,0.0,0.0,0.0,0.0,0.0,1546391.50257732,1546391.50257732,0.0,0.0,773195.75128866
356133,485060,Vantor Inc.  - (Maxar) Worldview LEO Fleet IO,FUL,ASO,2025-10-09,2026-10-08,In-Orbit,2164947.8314433,125338.5523640921,2009-10-08,BCP 5000,BCP 5000 FAMILY,DELTA I - III ,LEO,12.0,8170.0,WORLDVIEW 2,BALL AEROSPACE AND TECHNOLOGIES CORP (HQ),BALL AEROSPACE AND TECHNOLOGIES CORP (HQ),Direct Open Market,2025-10-09,2026-10-08,,0.5,50000000.0,245000000.0,7.0,432989.56628866005,1731958.2651546402,865979.1325773201,865979.1325773201,0.0,865979.1325773201,865979.1325773201,,325886,,,True,,,356133_485060,2164947.8314433,False,,,1,0.4,7,0.6,0.4,1,2164947.8314433,0.075,0.4166666666666667,67654.61973260313,432989.56628866005,0.0,1731958.26515464,1731958.26515464,True,180412.3192869417,2025,0.5,865979.13257732,865979.13257732,0.0,865979.13257732,865979.13257732,0.0,0.0,0.0,0.0,0.0,0.0,0.0,0.0,0.0,0.0,865979.1325773201,865979.1325773201,0.0,0.0,432989.56628866005
357074,486815,"VIASAT, INC.  ViaSat 3 F2 - Launch and In Orbit",FUL,ASC,2025-10-01,2027-09-30,L + 12 Months,18556701.0,3432990.885008658,2025-11-14,BSS-702MP+ (BOEING-702MP+),BOEING BSS 702,ATLAS V,GEO-GSO,16.0,10709.0,VIASAT-3 F2,Boeing Satellite Systems Inc.,Boeing Satellite Systems Inc.,Direct Open Market,2025-11-14,2026-11-14,,0.5,50000000.0,245000000.0,0.0,3711340.2,14845360.8,7422680.4,7422680.4,0.0,7422680.4,7422680.4,,,,,True,,,357074_486815,18556701.0,False,,,1,0.4,0,0.0,0.05,1,18556701.0,0.075,0.4166666666666667,579896.90625,3711340.2,0.0,14845360.8,14845360.8,True,1546391.7500000002,2025,0.5,7422680.4,7422680.4,0.0,7422680.4,7422680.4,927835.05,927835.05,0.0,0.0,463917.525,3711340.2,3711340.2,0.0,0.0,1855670.1,927835.05,927835.05,0.0,0.0,463917.525
349114,488489,Qatar Satellite Company   -  Es'hail 1 & 2 - IO,FUL,ASO,2025-08-08,2026-10-31,In-Orbit,4948456.074226799,85687.85108481577,2018-11-15,DS2000,DS2000,"FALCON 9, 5 & HEAVY",GEO-GSO,15.0,9780.0,ES'HAIL 2,Mitsubishi Electric Corp (MELCO),Mitsubishi Electric Corp (MELCO),Direct Open Market,2025-08-08,2026-10-31,,0.5,50000000.0,245000000.0,0.0,989691.2148453599,3958764.8593814396,1979382.4296907198,1979382.4296907198,0.0,1979382.4296907198,1979382.4296907198,,318637,,,True,,,349114_488489,4948456.074226799,False,,,1,0.4,0,0.0,0.05,1,4948456.074226799,0.075,0.4166666666666667,154639.25231958748,989691.2148453599,0.0,3958764.8593814396,3958764.8593814396,True,412371.3395189,2025,0.5,1979382.4296907198,1979382.4296907198,0.0,1979382.4296907198,1979382.4296907198,247422.80371133998,247422.80371133998,0.0,0.0,123711.40185566999,989691.2148453599,989691.2148453599,0.0,0.0,494845.60742267995,247422.80371133998,247422.80371133998,0.0,0.0,123711.40185566999
349114,488490,Qatar Satellite Company   -  Es'hail 1 & 2 - IO,FUL,ASO,2025-08-08,2026-10-31,In-Orbit,6680409.8857732,117490.49273160518,2013-08-29,MAXAR 1300 (FS-/LS-/SSL-1300),MAXAR 1300 (FS-/LS-/SSL-1300),ARIANE 5,GEO-GSO,15.0,8993.0,ES'HAIL 1,SSL (Space Systems/Loral),SSL (Space Systems/Loral),Direct Open Market,2025-08-08,2026-10-31,,0.5,50000000.0,245000000.0,0.0,1336081.97715464,5344327.90861856,2672163.95430928,2672163.95430928,0.0,2672163.95430928,2672163.95430928,,318637,,,True,,,349114_488490,6680409.8857732,False,,,1,0.4,0,0.0,0.05,1,6680409.8857732,0.075,0.4166666666666667,208762.8089304125,1336081.97715464,0.0,5344327.90861856,5344327.90861856,True,556700.8238144334,2025,0.5,2672163.95430928,2672163.95430928,0.0,2672163.95430928,2672163.95430928,334020.49428866,334020.49428866,0.0,0.0,167010.24714433,1336081.97715464,1336081.97715464,0.0,0.0,668040.98857732,334020.49428866,334020.49428866,0.0,0.0,167010.24714433
349114,489316,Qatar Satellite Company   -  Es'hail 1 & 2 - IO,FUL,ASO,2025-08-08,2026-10-31,In-Orbit,4948456.074226799,85687.85108481577,2018-11-15,DS2000,DS2000,"FALCON 9, 5 & HEAVY",GEO-GSO,15.0,9780.0,ES'HAIL 2,Mitsubishi Electric Corp (MELCO),Mitsubishi Electric Corp (MELCO),Direct Open Market,2025-08-08,2026-10-31,,0.5,50000000.0,245000000.0,0.0,989691.2148453599,3958764.8593814396,1979382.4296907198,1979382.4296907198,0.0,1979382.4296907198,1979382.4296907198,,318637,,,True,,,349114_489316,4948456.074226799,False,,,1,0.4,0,0.0,0.05,1,4948456.074226799,0.075,0.4166666666666667,154639.25231958748,989691.2148453599,0.0,3958764.8593814396,3958764.8593814396,True,412371.3395189,2025,0.5,1979382.4296907198,1979382.4296907198,0.0,1979382.4296907198,1979382.4296907198,247422.80371133998,247422.80371133998,0.0,0.0,123711.40185566999,989691.2148453599,989691.2148453599,0.0,0.0,494845.60742267995,247422.80371133998,247422.80371133998,0.0,0.0,123711.40185566999
349114,489317,Qatar Satellite Company   -  Es'hail 1 & 2 - IO,FUL,ASO,2025-08-08,2026-10-31,In-Orbit,6680409.8857732,117490.49273160518,2013-08-29,MAXAR 1300 (FS-/LS-/SSL-1300),MAXAR 1300 (FS-/LS-/SSL-1300),ARIANE 5,GEO-GSO,15.0,8993.0,ES'HAIL 1,SSL (Space Systems/Loral),SSL (Space Systems/Loral),Direct Open Market,2025-08-08,2026-10-31,,0.5,50000000.0,245000000.0,0.0,1336081.97715464,5344327.90861856,2672163.95430928,2672163.95430928,0.0,2672163.95430928,2672163.95430928,,318637,,,True,,,349114_489317,6680409.8857732,False,,,1,0.4,0,0.0,0.05,1,6680409.8857732,0.075,0.4166666666666667,208762.8089304125,1336081.97715464,0.0,5344327.90861856,5344327.90861856,True,556700.8238144334,2025,0.5,2672163.95430928,2672163.95430928,0.0,2672163.95430928,2672163.95430928,334020.49428866,334020.49428866,0.0,0.0,167010.24714433,1336081.97715464,1336081.97715464,0.0,0.0,668040.98857732,334020.49428866,334020.49428866,0.0,0.0,167010.24714433
359147,489926,KOREAN REINSURANCE CO.  Kompsat-7 - Launch and In Orbit,FUL,ASC,2025-11-14,2026-11-13,L + 12 Months,2003355.318808194,0.0,2025-12-01,Custom,Custom,VEGA,LEO,12.0,13099.0,KOMPSAT 7,KARI - Korea Aerospace Research Institute,KARI - Korea Aerospace Research Institute,Proportional Facultative,2025-12-01,2026-12-01,,0.5,50000000.0,245000000.0,9.0,400671.0637616388,1602684.2550465553,801342.1275232777,801342.1275232777,0.0,801342.1275232777,801342.1275232777,,,,,True,,,359147_489926,2003355.318808194,False,,,1,0.4,8,0.6,0.4,1,2003355.318808194,0.075,0.4166666666666667,62604.85371275606,400671.0637616388,0.0,1602684.2550465553,1602684.2550465553,True,166946.27656734953,2025,0.5,801342.1275232777,801342.1275232777,0.0,801342.1275232777,801342.1275232777,0.0,0.0,0.0,0.0,0.0,0.0,0.0,0.0,0.0,0.0,801342.1275232777,801342.1275232777,0.0,0.0,400671.0637616388
360735,492379,EGYPTIAN ARMAMENT AUTHORITY OF THE MINISTRY OF DEFENCE  - Tiba 1 - In Orbit,FUL,ASO,2025-11-26,2026-11-25,In-Orbit,21459222.698866006,336910.22327118815,2019-11-26,EUROSTAR E3000,EUROSTAR E3000,ARIANE 5,GEO-GSO,12.0,11840.0,TIBA 1 (NAVISAT 12A),Airbus Defence and Space (Toulouse),Thales Alenia Space France (Cannes),Direct Open Market,2025-11-26,2026-11-25,,0.5,50000000.0,245000000.0,0.0,4291844.539773202,17167378.159092806,8583689.079546403,8583689.079546403,0.0,8583689.079546403,8583689.079546403,,327405,,,True,,,360735_492379,21459222.698866006,False,,,1,0.4,0,0.0,0.05,1,21459222.698866006,0.075,0.4166666666666667,670600.7093395627,4291844.539773202,0.0,17167378.159092806,17167378.159092806,True,1788268.5582388341,2025,0.5,8583689.079546403,8583689.079546403,0.0,8583689.079546403,8583689.079546403,1072961.1349433004,1072961.1349433004,0.0,0.0,536480.5674716502,4291844.539773202,4291844.539773202,0.0,0.0,2145922.269886601,1072961.1349433004,1072961.1349433004,0.0,0.0,536480.5674716502
360737,492382,MEASAT Communication Systems Sdn Bhd  MEASAT-3a & -3b  IO,FUL,ASO,2026-01-01,2026-12-31,In-Orbit,494845.36,10103.99999958864,2009-06-21,GEOSTAR 2 (STAR 2),GEOSTAR 2 (ORIG. STAR 2) FAMILY,ZENIT & SEA LAUNCH,GEO-GSO,12.0,4142.0,MEASAT 3A (1R),Orbital Sciences Corporation,Orbital Sciences Corporation,Direct Open Market,2026-01-01,2026-12-31,,0.5,50000000.0,245000000.0,0.0,82473.60096000001,329894.40384000004,164947.20192000002,164947.20192000002,0.0,164947.20192000002,164947.20192000002,,328932,,,True,,,360737_492382,494845.36,False,,,1,0.4,0,0.0,0.05,1,494845.36,0.075,0.5,18556.700999999997,98969.072,0.0,395876.288,395876.288,True,49484.536,2026,0.5,197938.144,197938.144,0.0,197938.144,197938.144,24742.268,24742.268,0.0,0.0,12371.134,98969.072,98969.072,0.0,0.0,49484.536,24742.268,24742.268,0.0,0.0,12371.134
360737,492383,MEASAT Communication Systems Sdn Bhd  MEASAT-3a & -3b  IO,FUL,ASO,2025-12-31,2026-12-30,In-Orbit,2628865.97,0.0,2014-09-11,EUROSTAR E3000L,EUROSTAR E3000,ARIANE 5,GEO-GSO,12.0,9181.0,MEASAT 3B,Airbus Defence and Space (Toulouse),Airbus Defence and Space (Toulouse),Direct Open Market,2025-12-31,2026-12-30,,0.5,50000000.0,245000000.0,0.0,460721.93737646,1842887.74950584,921443.87475292,921443.87475292,0.0,921443.87475292,921443.87475292,,328932,,,True,,,360737_492383,2628865.97,False,,,1,0.4,0,0.0,0.05,1,2628865.97,0.075,0.4166666666666667,82152.0615625,525773.194,0.0,2103092.776,2103092.776,True,219072.16416666668,2025,0.5,1051546.388,1051546.388,0.0,1051546.388,1051546.388,131443.2985,131443.2985,0.0,0.0,65721.64925,525773.194,525773.194,0.0,0.0,262886.597,131443.2985,131443.2985,0.0,0.0,65721.64925
361505,494217,MEASAT Communication Systems Sdn Bhd  - Measat 3d - IO,FUL,ASO,2025-12-31,2026-12-31,In-Orbit,3741030.9215999995,72950.95430563156,2022-06-22,EUROSTAR E3000L,EUROSTAR E3000,ARIANE 5,GEO-GSO,12.0,13555.0,MEASAT 3D,Airbus Defence and Space (Toulouse),Airbus Defence and Space (Toulouse),Direct Open Market,2025-12-31,2026-12-31,,0.5,50000000.0,245000000.0,0.0,748206.18432,2992824.73728,1496412.36864,1496412.36864,0.0,1496412.36864,1496412.36864,,329453,,,True,,,361505_494217,3741030.9215999995,False,,,1,0.4,0,0.0,0.05,1,3741030.9215999995,0.075,0.4166666666666667,116907.21629999999,748206.18432,0.0,2992824.7372799995,2992824.7372799995,True,311752.57680000004,2025,0.5,1496412.3686399998,1496412.3686399998,0.0,1496412.3686399998,1496412.3686399998,187051.54608,187051.54608,0.0,0.0,93525.77304,748206.18432,748206.18432,0.0,0.0,374103.09216,187051.54608,187051.54608,0.0,0.0,93525.77304
361505,494218,MEASAT Communication Systems Sdn Bhd  - Measat 3d - IO,FUL,ASO,2025-12-31,2026-12-31,In-Orbit,9248659.7784,135029.82600134204,2022-06-22,EUROSTAR E3000L,EUROSTAR E3000,ARIANE 5,GEO-GSO,12.0,13555.0,MEASAT 3D,Airbus Defence and Space (Toulouse),Airbus Defence and Space (Toulouse),Direct Open Market,2025-12-31,2026-12-31,,0.5,50000000.0,245000000.0,0.0,1849731.9556800001,7398927.8227200005,3699463.9113600003,3699463.9113600003,0.0,3699463.9113600003,3699463.9113600003,,329453,,,True,,,361505_494218,9248659.7784,False,,,1,0.4,0,0.0,0.05,1,9248659.7784,0.075,0.4166666666666667,289020.618075,1849731.9556800001,0.0,7398927.8227200005,7398927.8227200005,True,770721.6482,2025,0.5,3699463.9113600003,3699463.9113600003,0.0,3699463.9113600003,3699463.9113600003,462432.98892000003,462432.98892000003,0.0,0.0,231216.49446000002,1849731.9556800001,1849731.9556800001,0.0,0.0,924865.9778400001,462432.98892000003,462432.98892000003,0.0,0.0,231216.49446000002
361530,494323,PT SATELIT NUSANTARA TIGA  SNT Satria (N3) - IO,FUL,ASO,2025-12-18,2026-12-17,In-Orbit,18739856.257426698,435730.5108253289,2023-06-18,SPACEBUS NEO 100,SPACEBUS NEO FAMILY,"FALCON 9, 5 & HEAVY",GEO-GSO,12.0,13554.0,SATRIA,Thales Alenia Space France (Cannes),Thales Alenia Space France (Cannes),Direct Open Market,2025-12-18,2026-12-17,,0.5,50000000.0,245000000.0,0.0,3747971.25148534,14991885.00594136,7495942.50297068,7495942.50297068,0.0,7495942.50297068,7495942.50297068,,329457,,,True,,,361530_494323,18739856.257426698,False,,,1,0.4,0,0.0,0.05,1,18739856.257426698,0.075,0.4166666666666667,585620.5080445843,3747971.25148534,0.0,14991885.005941357,14991885.005941357,True,1561654.6881188916,2025,0.5,7495942.502970679,7495942.502970679,0.0,7495942.502970679,7495942.502970679,936992.812871335,936992.812871335,0.0,0.0,468496.4064356675,3747971.25148534,3747971.25148534,0.0,0.0,1873985.62574267,936992.812871335,936992.812871335,0.0,0.0,468496.4064356675
361682,494911,TURKIYE SIGORTA AS  Turksat fleet - Excess In Orbit,FUL,ASO,2025-11-20,2026-11-19,In-Orbit,3517988.0353738,39801.902427684116,2014-02-14,DS2000,DS2000,PROTON,GEO-GSO,12.0,8880.0,TURKSAT 4A,Mitsubishi Electric Corp (MELCO),Mitsubishi Electric Corp (MELCO),Proportional Facultative,2025-11-20,2026-11-19,,0.5,50000000.0,245000000.0,0.0,703597.60707476,2814390.42829904,1407195.21414952,1407195.21414952,0.0,1407195.21414952,1407195.21414952,,326609,,,True,,,361682_494911,3517988.0353738,False,,,1,0.4,0,0.0,0.05,1,3517988.0353738,0.075,0.4166666666666667,109937.12610543123,703597.60707476,0.0,2814390.42829904,2814390.42829904,True,293165.66961448337,2025,0.5,1407195.21414952,1407195.21414952,0.0,1407195.21414952,1407195.21414952,175899.40176869,175899.40176869,0.0,0.0,87949.700884345,703597.60707476,703597.60707476,0.0,0.0,351798.80353738,175899.40176869,175899.40176869,0.0,0.0,87949.700884345
361682,494912,TURKIYE SIGORTA AS  Turksat fleet - Excess In Orbit,FUL,ASO,2025-11-20,2026-11-19,In-Orbit,9526861.2212353,107784.81898489471,2021-12-19,EUROSTAR E3000e (EOR),EUROSTAR E3000,"FALCON 9, 5 & HEAVY",GEO-GSO,12.0,12133.0,TURKSAT 5B,Airbus Defence and Space (Toulouse),Airbus DS/TUSAS (JOINT),Proportional Facultative,2025-11-20,2026-11-19,,0.5,50000000.0,245000000.0,0.0,1905372.24424706,7621488.97698824,3810744.48849412,3810744.48849412,0.0,3810744.48849412,3810744.48849412,,326609,,,True,,,361682_494912,9526861.2212353,False,,,1,0.4,0,0.0,0.05,1,9526861.2212353,0.075,0.4166666666666667,297714.4131636031,1905372.24424706,0.0,7621488.976988239,7621488.976988239,True,793905.1017696083,2025,0.5,3810744.4884941196,3810744.4884941196,0.0,3810744.4884941196,3810744.4884941196,476343.061061765,476343.061061765,0.0,0.0,238171.5305308825,1905372.24424706,1905372.24424706,0.0,0.0,952686.12212353,476343.061061765,476343.061061765,0.0,0.0,238171.5305308825
361682,494913,TURKIYE SIGORTA AS  Turksat fleet - Excess In Orbit,FUL,ASO,2025-11-20,2026-11-19,In-Orbit,9082562.4590892,102759.18079801305,2021-01-08,EUROSTAR E3000e (EOR),EUROSTAR E3000,"FALCON 9, 5 & HEAVY",GEO-GSO,12.0,9285.0,TURKSAT 5A,Airbus Defence and Space (Toulouse),Airbus Defence and Space (Toulouse),Proportional Facultative,2025-11-20,2026-11-19,,0.5,50000000.0,245000000.0,0.0,1816512.49181784,7266049.96727136,3633024.98363568,3633024.98363568,0.0,3633024.98363568,3633024.98363568,,326609,,,True,,,361682_494913,9082562.4590892,False,,,1,0.4,0,0.0,0.05,1,9082562.4590892,0.075,0.4166666666666667,283830.0768465375,1816512.49181784,0.0,7266049.96727136,7266049.96727136,True,756880.2049241,2025,0.5,3633024.98363568,3633024.98363568,0.0,3633024.98363568,3633024.98363568,454128.12295446,454128.12295446,0.0,0.0,227064.06147723,1816512.49181784,1816512.49181784,0.0,0.0,908256.24590892,454128.12295446,454128.12295446,0.0,0.0,227064.06147723
361682,494914,TURKIYE SIGORTA AS  Turksat fleet - Excess In Orbit,FUL,ASO,2025-11-20,2026-11-19,In-Orbit,4597175.8686267,52010.795195171006,2015-10-16,DS2000,DS2000,PROTON,GEO-GSO,12.0,9133.0,TURKSAT 4B,Mitsubishi Electric Corp (MELCO),Mitsubishi Electric Corp (MELCO),Proportional Facultative,2025-11-20,2026-11-19,,0.5,50000000.0,245000000.0,0.0,919435.17372534,3677740.69490136,1838870.34745068,1838870.34745068,0.0,1838870.34745068,1838870.34745068,,326609,,,True,,,361682_494914,4597175.8686267,False,,,1,0.4,0,0.0,0.05,1,4597175.8686267,0.075,0.4166666666666667,143661.74589458437,919435.17372534,0.0,3677740.6949013597,3677740.6949013597,True,383097.989052225,2025,0.5,1838870.3474506799,1838870.3474506799,0.0,1838870.3474506799,1838870.3474506799,229858.793431335,229858.793431335,0.0,0.0,114929.3967156675,919435.17372534,919435.17372534,0.0,0.0,459717.58686267,229858.793431335,229858.793431335,0.0,0.0,114929.3967156675
361696,494972,TURKIYE SIGORTA AS  Turksat - Primary In Orbit,FUL,ASO,2025-11-20,2026-11-19,In-Orbit,1172662.8846435,17608.93379848683,2014-02-14,DS2000,DS2000,PROTON,GEO-GSO,12.0,8880.0,TURKSAT 4A,Mitsubishi Electric Corp (MELCO),Mitsubishi Electric Corp (MELCO),Proportional Facultative,2025-11-20,2026-11-19,,0.5,50000000.0,245000000.0,0.0,234532.5769287,938130.3077148,469065.1538574,469065.1538574,0.0,469065.1538574,469065.1538574,,327082,,,True,,,361696_494972,1172662.8846435,False,,,1,0.4,0,0.0,0.05,1,1172662.8846435,0.075,0.4166666666666667,36645.715145109374,234532.5769287,0.0,938130.3077148,938130.3077148,True,97721.90705362501,2025,0.5,469065.1538574,469065.1538574,0.0,469065.1538574,469065.1538574,58633.144232175,58633.144232175,0.0,0.0,29316.5721160875,234532.5769287,234532.5769287,0.0,0.0,117266.28846435,58633.144232175,58633.144232175,0.0,0.0,29316.5721160875
361696,494973,TURKIYE SIGORTA AS  Turksat - Primary In Orbit,FUL,ASO,2025-11-20,2026-11-19,In-Orbit,3175620.6132639996,47688.362352065786,2021-12-19,EUROSTAR E3000e (EOR),EUROSTAR E3000,"FALCON 9, 5 & HEAVY",GEO-GSO,12.0,12133.0,TURKSAT 5B,Airbus Defence and Space (Toulouse),Airbus DS/TUSAS (JOINT),Proportional Facultative,2025-11-20,2026-11-19,,0.5,50000000.0,245000000.0,0.0,635124.1226527999,2540496.4906111998,1270248.2453055999,1270248.2453055999,0.0,1270248.2453055999,1270248.2453055999,,327082,,,True,,,361696_494973,3175620.6132639996,False,,,1,0.4,0,0.0,0.05,1,3175620.6132639996,0.075,0.4166666666666667,99238.14416449999,635124.1226527999,0.0,2540496.4906111998,2540496.4906111998,True,264635.0511053333,2025,0.5,1270248.2453055999,1270248.2453055999,0.0,1270248.2453055999,1270248.2453055999,158781.03066319998,158781.03066319998,0.0,0.0,79390.51533159999,635124.1226527999,635124.1226527999,0.0,0.0,317562.06132639997,158781.03066319998,158781.03066319998,0.0,0.0,79390.51533159999
361696,494974,TURKIYE SIGORTA AS  Turksat - Primary In Orbit,FUL,ASO,2025-11-20,2026-11-19,In-Orbit,3027520.8196964,45463.54544690784,2021-01-08,EUROSTAR E3000e (EOR),EUROSTAR E3000,"FALCON 9, 5 & HEAVY",GEO-GSO,12.0,9285.0,TURKSAT 5A,Airbus Defence and Space (Toulouse),Airbus Defence and Space (Toulouse),Proportional Facultative,2025-11-20,2026-11-19,,0.5,50000000.0,245000000.0,0.0,605504.16393928,2422016.65575712,1211008.32787856,1211008.32787856,0.0,1211008.32787856,1211008.32787856,,327082,,,True,,,361696_494974,3027520.8196964,False,,,1,0.4,0,0.0,0.05,1,3027520.8196964,0.075,0.4166666666666667,94610.0256155125,605504.16393928,0.0,2422016.65575712,2422016.65575712,True,252293.40164136665,2025,0.5,1211008.32787856,1211008.32787856,0.0,1211008.32787856,1211008.32787856,151376.04098482,151376.04098482,0.0,0.0,75688.02049241,605504.16393928,605504.16393928,0.0,0.0,302752.08196964,151376.04098482,151376.04098482,0.0,0.0,75688.02049241
361696,494975,TURKIYE SIGORTA AS  Turksat - Primary In Orbit,FUL,ASO,2025-11-20,2026-11-19,In-Orbit,1532391.9562088999,23011.37484803946,2015-10-16,DS2000,DS2000,PROTON,GEO-GSO,12.0,9133.0,TURKSAT 4B,Mitsubishi Electric Corp (MELCO),Mitsubishi Electric Corp (MELCO),Proportional Facultative,2025-11-20,2026-11-19,,0.5,50000000.0,245000000.0,0.0,306478.39124177996,1225913.5649671198,612956.7824835599,612956.7824835599,0.0,612956.7824835599,612956.7824835599,,327082,,,True,,,361696_494975,1532391.9562088999,False,,,1,0.4,0,0.0,0.05,1,1532391.9562088999,0.075,0.4166666666666667,47887.24863152812,306478.39124177996,0.0,1225913.5649671198,1225913.5649671198,True,127699.32968407498,2025,0.5,612956.7824835599,612956.7824835599,0.0,612956.7824835599,612956.7824835599,76619.59781044499,76619.59781044499,0.0,0.0,38309.798905222495,306478.39124177996,306478.39124177996,0.0,0.0,153239.19562088998,76619.59781044499,76619.59781044499,0.0,0.0,38309.798905222495
361813,495424,GHQ UAE ARMED FORCES   FalconEye 2 - IO,FUL,ASO,2025-12-07,2026-12-06,In-Orbit,7891909.720042693,177776.2600219928,2020-12-02,ASTROBUS-L 1000 (ASTROSAT 1000) (AIRBUS),ASTROBUS/ASTROSAT/S-BUS FAMILY (AIRBUS),SOYUZ/MOLNIYA/SPUTNIK/R-7 SEMYORKA,LEO,12.0,9694.0,FALCON EYE 2,Airbus Defence and Space/Thales Alenia Space JOINT,Airbus Defence and Space/Thales Alenia Space JOINT,Direct Open Market,2025-12-07,2026-12-06,,0.5,50000000.0,245000000.0,9.0,1578381.9440085387,6313527.776034155,3156763.8880170775,3156763.8880170775,0.0,3156763.8880170775,3156763.8880170775,,329461,,,True,,,361813_495424,7891909.720042693,False,,,1,0.4,9,0.6,0.4,1,7891909.720042693,0.075,0.4166666666666667,246622.17875133414,1578381.9440085387,0.0,6313527.776034155,6313527.776034155,True,657659.1433368912,2025,0.5,3156763.8880170775,3156763.8880170775,0.0,3156763.8880170775,3156763.8880170775,0.0,0.0,0.0,0.0,0.0,0.0,0.0,0.0,0.0,0.0,3156763.8880170775,3156763.8880170775,0.0,0.0,1578381.9440085387
361838,495524,MAPFRE VIDA S/A  StarOne Fleet - IO - Excess,FUL,ASO,2025-11-09,2026-11-08,In-Orbit,2428814.2227561,62664.47614524992,2016-12-21,MAXAR 1300E (LS-1300E),MAXAR 1300 (FS-/LS-/SSL-1300),ARIANE 5,GEO-GSO,12.0,9609.0,STAR ONE D1,SSL (Space Systems/Loral),SSL (Space Systems/Loral),Proportional Facultative,2025-11-09,2026-11-08,,0.5,50000000.0,245000000.0,0.0,485762.84455122,1943051.37820488,971525.68910244,971525.68910244,0.0,971525.68910244,971525.68910244,,330873,,,True,,,361838_495524,2428814.2227561,False,,,1,0.4,0,0.0,0.05,1,2428814.2227561,0.075,0.4166666666666667,75900.44446112812,485762.84455122,0.0,1943051.3782048798,1943051.3782048798,True,202401.185229675,2025,0.5,971525.6891024399,971525.6891024399,0.0,971525.6891024399,971525.6891024399,121440.711137805,121440.711137805,0.0,0.0,60720.3555689025,485762.84455122,485762.84455122,0.0,0.0,242881.42227561,121440.711137805,121440.711137805,0.0,0.0,60720.3555689025
361838,495525,MAPFRE VIDA S/A  StarOne Fleet - IO - Excess,FUL,ASO,2025-11-09,2026-11-08,In-Orbit,16277709.869777698,193705.47183839465,2021-07-30,MAXAR 1300E (LS-1300E),MAXAR 1300 (FS-/LS-/SSL-1300),ARIANE 5,GEO-GSO,12.0,12148.0,STAR ONE D2,SSL (Space Systems/Loral),SSL (Space Systems/Loral),Proportional Facultative,2025-11-09,2026-11-08,,0.5,50000000.0,245000000.0,0.0,3255541.97395554,13022167.89582216,6511083.94791108,6511083.94791108,0.0,6511083.94791108,6511083.94791108,,330873,,,True,,,361838_495525,16277709.869777698,False,,,1,0.4,0,0.0,0.05,1,16277709.869777698,0.075,0.4166666666666667,508678.43343055306,3255541.97395554,0.0,13022167.895822158,13022167.895822158,True,1356475.822481475,2025,0.5,6511083.947911079,6511083.947911079,0.0,6511083.947911079,6511083.947911079,813885.493488885,813885.493488885,0.0,0.0,406942.7467444425,3255541.97395554,3255541.97395554,0.0,0.0,1627770.98697777,813885.493488885,813885.493488885,0.0,0.0,406942.7467444425
362003,496098,HISPASAT SA  - Fleet In Orbit 2025,FIID,ASO,2025-11-04,2026-11-03,In-Orbit,1482955.1236410986,15392.443411803657,2013-02-07,MAXAR 1300 (FS-/LS-/SSL-1300),MAXAR 1300 (FS-/LS-/SSL-1300),ARIANE 5,GEO-GSO,12.0,9005.0,AMAZONAS 3,SSL (Space Systems/Loral),SSL (Space Systems/Loral),Direct Open Market,2025-11-04,2026-11-03,,0.85,7500000.0,72500000.0,0.0,296591.0247282197,1186364.098912879,1008409.4840759471,177954.61483693187,0.0,1008409.4840759471,177954.61483693187,,326302,,,True,,,362003_496098,1482955.1236410986,False,,,1,0.4,0,0.0,0.05,1,1482955.1236410986,0.075,0.4166666666666667,46342.34761378433,296591.0247282197,0.0,1186364.098912879,1186364.098912879,True,123579.59363675822,2025,0.85,1008409.4840759471,177954.6148369318,0.0,1008409.4840759471,177954.6148369318,74147.75618205493,0.0,74147.75618205493,0.0,63025.5927547467,296591.0247282197,0.0,296591.0247282197,0.0,252102.3710189868,74147.75618205493,0.0,74147.75618205493,0.0,63025.5927547467
362003,496099,HISPASAT SA  - Fleet In Orbit 2025,FIID,ASO,2025-11-04,2026-11-03,In-Orbit,7618716.175161781,101960.36668481656,2018-03-06,MAXAR 1300 (FS-/LS-/SSL-1300),MAXAR 1300 (FS-/LS-/SSL-1300),"FALCON 9, 5 & HEAVY",GEO-GSO,12.0,10144.0,HISPASAT 30W-6 (HISPASAT 1F),SSL (Space Systems/Loral),SSL (Space Systems/Loral),Direct Open Market,2025-11-04,2026-11-03,,0.85,7500000.0,72500000.0,0.0,1523743.2350323563,6094972.940129425,5180726.999110011,914245.941019414,0.0,5180726.999110011,914245.941019414,,326302,,,True,,,362003_496099,7618716.175161781,False,,,1,0.4,0,0.0,0.05,1,7618716.175161781,0.075,0.4166666666666667,238084.88047380565,1523743.2350323563,0.0,6094972.940129424,6094972.940129424,True,634893.0145968152,2025,0.85,5180726.99911001,914245.941019414,0.0,5180726.99911001,914245.941019414,380935.8087580891,0.0,380935.8087580891,0.0,323795.4374443757,1523743.2350323563,0.0,1523743.2350323563,0.0,1295181.7497775028,380935.8087580891,0.0,380935.8087580891,0.0,323795.4374443757
362003,496100,HISPASAT SA  - Fleet In Orbit 2025,FIID,ASO,2025-11-04,2026-11-03,In-Orbit,3877050.83890505,44195.68497935702,2017-09-11,MAXAR 1300 (FS-/LS-/SSL-1300),MAXAR 1300 (FS-/LS-/SSL-1300),PROTON,GEO-GSO,12.0,10280.0,AMAZONAS 5,SSL (Space Systems/Loral),SSL (Space Systems/Loral),Direct Open Market,2025-11-04,2026-11-03,,0.85,7500000.0,72500000.0,0.0,775410.16778101,3101640.67112404,2636394.5704554343,465246.1006686061,0.0,2636394.5704554343,465246.1006686061,,326302,,,True,,,362003_496100,3877050.83890505,False,,,1,0.4,0,0.0,0.05,1,3877050.83890505,0.075,0.4166666666666667,121157.83871578281,775410.16778101,0.0,3101640.67112404,3101640.67112404,True,323087.5699087542,2025,0.85,2636394.5704554343,465246.1006686059,0.0,2636394.5704554343,465246.1006686059,193852.5419452525,0.0,193852.5419452525,0.0,164774.6606534646,775410.16778101,0.0,775410.16778101,0.0,659098.6426138585,193852.5419452525,0.0,193852.5419452525,0.0,164774.6606534646
362003,496102,HISPASAT SA  - Fleet In Orbit 2025,FIID,ASO,2025-11-04,2026-11-03,In-Orbit,1908722.4972883505,21095.918206440136,2010-12-29,MAXAR 1300 (FS-/LS-/SSL-1300),MAXAR 1300 (FS-/LS-/SSL-1300),ARIANE 5,GEO-GSO,12.0,5646.0,HISPASAT 30W-5 (HISPASAT 1E),SSL (Space Systems/Loral),SSL (Space Systems/Loral),Direct Open Market,2025-11-04,2026-11-03,,0.85,7500000.0,72500000.0,0.0,381744.49945767014,1526977.9978306806,1297931.2981560784,229046.69967460213,0.0,1297931.2981560784,229046.69967460213,,326302,,,True,,,362003_496102,1908722.4972883505,False,,,1,0.4,0,0.0,0.05,1,1908722.4972883505,0.075,0.4166666666666667,59647.57804026095,381744.49945767014,0.0,1526977.9978306803,1526977.9978306803,True,159060.20810736256,2025,0.85,1297931.2981560782,229046.69967460213,0.0,1297931.2981560782,229046.69967460213,95436.12486441754,0.0,95436.12486441754,0.0,81120.7061347549,381744.49945767014,0.0,381744.49945767014,0.0,324482.8245390196,95436.12486441754,0.0,95436.12486441754,0.0,81120.7061347549
362037,496234,MAPFRE VIDA S/A  StarOne Fleet - IO - Primary ,FUL,ASO,2025-11-09,2026-11-08,In-Orbit,1324629.2761428,22252.969084973574,2015-07-15,MAXAR 1300E (LS-1300E),MAXAR 1300 (FS-/LS-/SSL-1300),ARIANE 5,GEO-GSO,12.0,9558.0,STAR ONE C4,SSL (Space Systems/Loral),SSL (Space Systems/Loral),Proportional Facultative,2025-11-09,2026-11-08,,0.5,50000000.0,245000000.0,0.0,264925.85522856,1059703.42091424,529851.71045712,529851.71045712,0.0,529851.71045712,529851.71045712,,329173,,,True,,,362037_496234,1324629.2761428,False,,,1,0.4,0,0.0,0.05,1,1324629.2761428,0.075,0.4166666666666667,41394.6648794625,264925.85522856,0.0,1059703.42091424,1059703.42091424,True,110385.7730119,2025,0.5,529851.71045712,529851.71045712,0.0,529851.71045712,529851.71045712,66231.46380714,66231.46380714,0.0,0.0,33115.73190357,264925.85522856,264925.85522856,0.0,0.0,132462.92761428,66231.46380714,66231.46380714,0.0,0.0,33115.73190357
362037,496235,MAPFRE VIDA S/A  StarOne Fleet - IO - Primary ,FUL,ASO,2025-11-09,2026-11-08,In-Orbit,1940659.7905799998,43277.128833644645,2021-07-30,MAXAR 1300E (LS-1300E),MAXAR 1300 (FS-/LS-/SSL-1300),ARIANE 5,GEO-GSO,12.0,12148.0,STAR ONE D2,SSL (Space Systems/Loral),SSL (Space Systems/Loral),Proportional Facultative,2025-11-09,2026-11-08,,0.5,50000000.0,245000000.0,0.0,388131.958116,1552527.832464,776263.916232,776263.916232,0.0,776263.916232,776263.916232,,329173,,,True,,,362037_496235,1940659.7905799998,False,,,1,0.4,0,0.0,0.05,1,1940659.7905799998,0.075,0.4166666666666667,60645.618455625,388131.958116,0.0,1552527.8324639997,1552527.8324639997,True,161721.649215,2025,0.5,776263.9162319999,776263.9162319999,0.0,776263.9162319999,776263.9162319999,97032.989529,97032.989529,0.0,0.0,48516.4947645,388131.958116,388131.958116,0.0,0.0,194065.979058,97032.989529,97032.989529,0.0,0.0,48516.4947645
362037,496236,MAPFRE VIDA S/A  StarOne Fleet - IO - Primary ,FUL,ASO,2025-11-09,2026-11-08,In-Orbit,1940659.7905799998,41529.915557999964,2016-12-21,MAXAR 1300E (LS-1300E),MAXAR 1300 (FS-/LS-/SSL-1300),ARIANE 5,GEO-GSO,12.0,9609.0,STAR ONE D1,SSL (Space Systems/Loral),SSL (Space Systems/Loral),Proportional Facultative,2025-11-09,2026-11-08,,0.5,50000000.0,245000000.0,0.0,388131.958116,1552527.832464,776263.916232,776263.916232,0.0,776263.916232,776263.916232,,329173,,,True,,,362037_496236,1940659.7905799998,False,,,1,0.4,0,0.0,0.05,1,1940659.7905799998,0.075,0.4166666666666667,60645.618455625,388131.958116,0.0,1552527.8324639997,1552527.8324639997,True,161721.649215,2025,0.5,776263.9162319999,776263.9162319999,0.0,776263.9162319999,776263.9162319999,97032.989529,97032.989529,0.0,0.0,48516.4947645,388131.958116,388131.958116,0.0,0.0,194065.979058,97032.989529,97032.989529,0.0,0.0,48516.4947645
364260,500084,AZRE REINSURANCE OJSC  Azerspace 1 - In Orbit,FUL,ASO,2026-02-01,2027-01-31,In-Orbit,6576034.37256,92063.99999963737,2013-02-07,GEOSTAR 2.4E,GEOSTAR 2 (ORIG. STAR 2) FAMILY,ARIANE 5,GEO-GSO,12.0,8878.0,AZERSPACE-1/AFRICASAT 1A,Orbital Sciences Corporation,Orbital Sciences Corporation,Fronted Open Market,2026-02-01,2027-01-31,,0.5,50000000.0,245000000.0,0.0,1315206.874512,5260827.498048,2630413.749024,2630413.749024,0.0,2630413.749024,2630413.749024,,334728,,,True,,,364260_500084,6576034.37256,False,,,1,0.4,0,0.0,0.05,1,6576034.37256,0.075,0.5,246601.288971,1315206.874512,0.0,5260827.498048,5260827.498048,True,657603.437256,2026,0.5,2630413.749024,2630413.749024,0.0,2630413.749024,2630413.749024,328801.718628,328801.718628,0.0,0.0,164400.859314,1315206.874512,1315206.874512,0.0,0.0,657603.437256,328801.718628,328801.718628,0.0,0.0,164400.859314
364280,500128,Japanese Aviation Insurance Pool  - JSAT Fleet Renewal Excess Layer,FUL,ASO,2026-02-01,2027-01-31,In-Orbit,627108.7628241092,2894.0200092277987,2016-05-06,MAXAR 1300 (FS-/LS-/SSL-1300),MAXAR 1300 (FS-/LS-/SSL-1300),"FALCON 9, 5 & HEAVY",GEO-GSO,12.0,9671.0,JCSAT-2B (JCSAT-14),SSL (Space Systems/Loral),SSL (Space Systems/Loral),Direct Open Market,2026-02-01,2027-01-31,,0.5,50000000.0,245000000.0,0.0,125421.75256482184,501687.0102592874,250843.5051296437,250843.5051296437,0.0,250843.5051296437,250843.5051296437,,333523,,,True,,,364280_500128,627108.7628241092,False,,,1,0.4,0,0.0,0.05,1,627108.7628241092,0.075,0.5,23516.578605904095,125421.75256482184,0.0,501687.0102592873,501687.0102592873,True,62710.87628241092,2026,0.5,250843.50512964366,250843.50512964366,0.0,250843.50512964366,250843.50512964366,31355.43814120546,31355.43814120546,0.0,0.0,15677.71907060273,125421.75256482184,125421.75256482184,0.0,0.0,62710.87628241092,31355.43814120546,31355.43814120546,0.0,0.0,15677.71907060273
364280,500129,Japanese Aviation Insurance Pool  - JSAT Fleet Renewal Excess Layer,FUL,ASO,2026-02-01,2027-01-31,In-Orbit,1316622.1211529823,11773.025643145796,2019-12-17,BSS-702MP (BOEING 702B),BOEING BSS 702,"FALCON 9, 5 & HEAVY",GEO-GSO,12.0,11838.0,JCSAT-18/KACIFIC-1,Boeing Satellite Systems Inc.,Boeing Satellite Systems Inc.,Direct Open Market,2026-02-01,2027-01-31,,0.5,50000000.0,245000000.0,0.0,263324.42423059646,1053297.6969223858,526648.8484611929,526648.8484611929,0.0,526648.8484611929,526648.8484611929,,333523,,,True,,,364280_500129,1316622.1211529823,False,,,1,0.4,0,0.0,0.05,1,1316622.1211529823,0.075,0.5,49373.32954323684,263324.42423059646,0.0,1053297.6969223858,1053297.6969223858,True,131662.21211529823,2026,0.5,526648.8484611929,526648.8484611929,0.0,526648.8484611929,526648.8484611929,65831.10605764911,65831.10605764911,0.0,0.0,32915.55302882456,263324.42423059646,263324.42423059646,0.0,0.0,131662.21211529823,65831.10605764911,65831.10605764911,0.0,0.0,32915.55302882456
364280,500130,Japanese Aviation Insurance Pool  - JSAT Fleet Renewal Excess Layer,FUL,ASO,2026-02-01,2027-01-31,In-Orbit,413861.1561518564,1419.895814410937,2016-08-14,MAXAR 1300 (FS-/LS-/SSL-1300),MAXAR 1300 (FS-/LS-/SSL-1300),"FALCON 9, 5 & HEAVY",GEO-GSO,12.0,9985.0,JCSAT-16,SSL (Space Systems/Loral),SSL (Space Systems/Loral),Direct Open Market,2026-02-01,2027-01-31,,0.5,50000000.0,245000000.0,0.0,82772.23123037128,331088.92492148513,165544.46246074256,165544.46246074256,0.0,165544.46246074256,165544.46246074256,,333523,,,True,,,364280_500130,413861.1561518564,False,,,1,0.4,0,0.0,0.05,1,413861.1561518564,0.075,0.5,15519.793355694615,82772.23123037128,0.0,331088.92492148513,331088.92492148513,True,41386.11561518564,2026,0.5,165544.46246074256,165544.46246074256,0.0,165544.46246074256,165544.46246074256,20693.05780759282,20693.05780759282,0.0,0.0,10346.52890379641,82772.23123037128,82772.23123037128,0.0,0.0,41386.11561518564,20693.05780759282,20693.05780759282,0.0,0.0,10346.52890379641
364280,500131,Japanese Aviation Insurance Pool  - JSAT Fleet Renewal Excess Layer,FUL,ASO,2026-02-01,2027-01-31,In-Orbit,680707.8031997901,3833.4882998904695,2016-12-21,MAXAR 1300 (FS-/LS-/SSL-1300),MAXAR 1300 (FS-/LS-/SSL-1300),ARIANE 5,GEO-GSO,12.0,9984.0,JCSAT-110A (JCSAT-15),SSL (Space Systems/Loral),SSL (Space Systems/Loral),Direct Open Market,2026-02-01,2027-01-31,,0.5,50000000.0,245000000.0,0.0,136141.560639958,544566.242559832,272283.121279916,272283.121279916,0.0,272283.121279916,272283.121279916,,333523,,,True,,,364280_500131,680707.8031997901,False,,,1,0.4,0,0.0,0.05,1,680707.8031997901,0.075,0.5,25526.542619992128,136141.560639958,0.0,544566.242559832,544566.242559832,True,68070.780319979,2026,0.5,272283.121279916,272283.121279916,0.0,272283.121279916,272283.121279916,34035.3901599895,34035.3901599895,0.0,0.0,17017.69507999475,136141.560639958,136141.560639958,0.0,0.0,68070.780319979,34035.3901599895,34035.3901599895,0.0,0.0,17017.69507999475
356133,501623,Vantor Inc.  - (Maxar) Worldview LEO Fleet IO,FUL,ASO,2025-10-09,2026-10-08,In-Orbit,3865978.7564433,172952.5141503025,2014-08-13,BCP 5000,BCP 5000 FAMILY,ATLAS V,LEO,12.0,9033.0,WORLDVIEW 3,BALL AEROSPACE AND TECHNOLOGIES CORP (HQ),BALL AEROSPACE AND TECHNOLOGIES CORP (HQ),Direct Open Market,2025-10-09,2026-10-08,,0.5,50000000.0,245000000.0,7.0,773195.75128866,3092783.00515464,1546391.50257732,1546391.50257732,0.0,1546391.50257732,1546391.50257732,,325886,,,True,,,356133_501623,3865978.7564433,False,,,1,0.4,7,0.6,0.4,1,3865978.7564433,0.075,0.4166666666666667,120811.8361388531,773195.75128866,0.0,3092783.00515464,3092783.00515464,True,322164.896370275,2025,0.5,1546391.50257732,1546391.50257732,0.0,1546391.50257732,1546391.50257732,0.0,0.0,0.0,0.0,0.0,0.0,0.0,0.0,0.0,0.0,1546391.50257732,1546391.50257732,0.0,0.0,773195.75128866
356133,501624,Vantor Inc.  - (Maxar) Worldview LEO Fleet IO,FUL,ASO,2025-10-09,2026-10-08,In-Orbit,2164947.8314433,125338.5523640921,2009-10-08,BCP 5000,BCP 5000 FAMILY,DELTA I - III ,LEO,12.0,8170.0,WORLDVIEW 2,BALL AEROSPACE AND TECHNOLOGIES CORP (HQ),BALL AEROSPACE AND TECHNOLOGIES CORP (HQ),Direct Open Market,2025-10-09,2026-10-08,,0.5,50000000.0,245000000.0,7.0,432989.56628866005,1731958.2651546402,865979.1325773201,865979.1325773201,0.0,865979.1325773201,865979.1325773201,,325886,,,True,,,356133_501624,2164947.8314433,False,,,1,0.4,7,0.6,0.4,1,2164947.8314433,0.075,0.4166666666666667,67654.61973260313,432989.56628866005,0.0,1731958.26515464,1731958.26515464,True,180412.3192869417,2025,0.5,865979.13257732,865979.13257732,0.0,865979.13257732,865979.13257732,0.0,0.0,0.0,0.0,0.0,0.0,0.0,0.0,0.0,0.0,865979.1325773201,865979.1325773201,0.0,0.0,432989.56628866005
356133,501625,Vantor Inc.  - (Maxar) Worldview LEO Fleet IO,FUL,ASO,2025-10-09,2026-10-08,In-Orbit,2164947.8314433,125338.5523640921,2007-09-18,BCP 5000,BCP 5000 FAMILY,DELTA I - III ,LEO,12.0,7894.0,WORLDVIEW 1,BALL AEROSPACE AND TECHNOLOGIES CORP (HQ),BALL AEROSPACE AND TECHNOLOGIES CORP (HQ),Direct Open Market,2025-10-09,2026-10-08,,0.5,50000000.0,245000000.0,7.0,432989.56628866005,1731958.2651546402,865979.1325773201,865979.1325773201,0.0,865979.1325773201,865979.1325773201,,325886,,,True,,,356133_501625,2164947.8314433,False,,,1,0.4,7,0.6,0.4,1,2164947.8314433,0.075,0.4166666666666667,67654.61973260313,432989.56628866005,0.0,1731958.26515464,1731958.26515464,True,180412.3192869417,2025,0.5,865979.13257732,865979.13257732,0.0,865979.13257732,865979.13257732,0.0,0.0,0.0,0.0,0.0,0.0,0.0,0.0,0.0,0.0,865979.1325773201,865979.1325773201,0.0,0.0,432989.56628866005
366022,503971,SPACE42 PLC  Yahsat - In Orbit - Excess,FUL,ASO,2025-12-31,2026-12-31,In-Orbit,9281860.1907158,120389.71476099995,2011-04-22,EUROSTAR E3000,EUROSTAR E3000,ARIANE 5,GEO-GSO,12.0,8529.0,AL YAH 1,Astrium Limited - Stevenage (Part of EADS),Astrium/Thales Alenia Space Consortium,Direct Open Market,2025-12-31,2026-12-31,,0.5,50000000.0,245000000.0,0.0,1856372.0381431598,7425488.152572639,3712744.0762863196,3712744.0762863196,0.0,3712744.0762863196,3712744.0762863196,,330884,,,True,,,366022_503971,9281860.1907158,False,,,1,0.4,0,0.0,0.05,1,9281860.1907158,0.075,0.4166666666666667,290058.1309598687,1856372.0381431598,0.0,7425488.152572639,7425488.152572639,True,773488.3492263167,2025,0.5,3712744.0762863196,3712744.0762863196,0.0,3712744.0762863196,3712744.0762863196,464093.00953578996,464093.00953578996,0.0,0.0,232046.50476789498,1856372.0381431598,1856372.0381431598,0.0,0.0,928186.0190715799,464093.00953578996,464093.00953578996,0.0,0.0,232046.50476789498
366022,503972,SPACE42 PLC  Yahsat - In Orbit - Excess,FUL,ASO,2025-12-31,2026-12-31,In-Orbit,11407869.8778941,150922.7467610394,2012-04-23,EUROSTAR E3000,EUROSTAR E3000,PROTON,GEO-GSO,12.0,8375.0,AL YAH 2,Astrium Limited - Stevenage (Part of EADS),Astrium/Thales Alenia Space Consortium,Direct Open Market,2025-12-31,2026-12-31,,0.5,50000000.0,245000000.0,0.0,2281573.97557882,9126295.90231528,4563147.95115764,4563147.95115764,0.0,4563147.95115764,4563147.95115764,,330884,,,True,,,366022_503972,11407869.8778941,False,,,1,0.4,0,0.0,0.05,1,11407869.8778941,0.075,0.4166666666666667,356495.9336841906,2281573.97557882,0.0,9126295.90231528,9126295.90231528,True,950655.8231578417,2025,0.5,4563147.95115764,4563147.95115764,0.0,4563147.95115764,4563147.95115764,570393.493894705,570393.493894705,0.0,0.0,285196.7469473525,2281573.97557882,2281573.97557882,0.0,0.0,1140786.98778941,570393.493894705,570393.493894705,0.0,0.0,285196.7469473525
366022,503987,SPACE42 PLC  Yahsat - In Orbit - Excess,FUL,ASO,2026-01-05,2026-12-31,In-Orbit,14323252.23216,207687.9999995316,2025-01-04,EUROSTAR NEO,EUROSTAR NEO,"FALCON 9, 5 & HEAVY",GEO-GSO,12.0,8632.0,THURAYA 4-NGS,Airbus Defence and Space (Toulouse),Airbus Defence and Space (Toulouse),Direct Open Market,2026-01-05,2026-12-31,,0.5,50000000.0,245000000.0,0.0,2864650.446432,11458601.785728,5729300.892864,5729300.892864,0.0,5729300.892864,5729300.892864,,330884,,,True,,,366022_503987,14323252.23216,False,,,1,0.4,0,0.0,0.05,1,14323252.23216,0.075,0.5,537121.958706,2864650.446432,0.0,11458601.785728,11458601.785728,True,1432325.223216,2026,0.5,5729300.892864,5729300.892864,0.0,5729300.892864,5729300.892864,716162.611608,716162.611608,0.0,0.0,358081.305804,2864650.446432,2864650.446432,0.0,0.0,1432325.223216,716162.611608,716162.611608,0.0,0.0,358081.305804
366029,503996,SPACE42 PLC  Yahsat - In Orbit - Primary,FUL,ASO,2025-12-31,2026-12-30,In-Orbit,2727599.995454,49368.375116894626,2011-04-22,EUROSTAR E3000,EUROSTAR E3000,ARIANE 5,GEO-GSO,12.0,8529.0,AL YAH 1,Astrium Limited - Stevenage (Part of EADS),Astrium/Thales Alenia Space Consortium,Direct Open Market,2025-12-31,2026-12-30,,0.5,50000000.0,245000000.0,0.0,545519.9990908,2182079.9963632,1091039.9981816,1091039.9981816,0.0,1091039.9981816,1091039.9981816,,330878,,,True,,,366029_503996,2727599.995454,False,,,1,0.4,0,0.0,0.05,1,2727599.995454,0.075,0.4166666666666667,85237.4998579375,545519.9990908,0.0,2182079.9963632,2182079.9963632,True,227299.99962116664,2025,0.5,1091039.9981816,1091039.9981816,0.0,1091039.9981816,1091039.9981816,136379.9997727,136379.9997727,0.0,0.0,68189.99988635,545519.9990908,545519.9990908,0.0,0.0,272759.9995454,136379.9997727,136379.9997727,0.0,0.0,68189.99988635
366029,503997,SPACE42 PLC  Yahsat - In Orbit - Primary,FUL,ASO,2025-12-31,2026-12-30,In-Orbit,3352357.7263714997,58666.045764078925,2012-04-23,EUROSTAR E3000,EUROSTAR E3000,PROTON,GEO-GSO,12.0,8375.0,AL YAH 2,Astrium Limited - Stevenage (Part of EADS),Astrium/Thales Alenia Space Consortium,Direct Open Market,2025-12-31,2026-12-30,,0.5,50000000.0,245000000.0,0.0,670471.5452743,2681886.1810972,1340943.0905486,1340943.0905486,0.0,1340943.0905486,1340943.0905486,,330878,,,True,,,366029_503997,3352357.7263714997,False,,,1,0.4,0,0.0,0.05,1,3352357.7263714997,0.075,0.4166666666666667,104761.17894910937,670471.5452743,0.0,2681886.1810971997,2681886.1810971997,True,279363.1438642917,2025,0.5,1340943.0905485998,1340943.0905485998,0.0,1340943.0905485998,1340943.0905485998,167617.886318575,167617.886318575,0.0,0.0,83808.9431592875,670471.5452743,670471.5452743,0.0,0.0,335235.77263715,167617.886318575,167617.886318575,0.0,0.0,83808.9431592875
366029,503999,SPACE42 PLC  Yahsat - In Orbit - Primary,FUL,ASO,2026-01-04,2026-12-30,In-Orbit,4206181.29624,69313.99999991688,2025-01-04,EUROSTAR NEO,EUROSTAR NEO,"FALCON 9, 5 & HEAVY",GEO-GSO,12.0,8632.0,THURAYA 4-NGS,Airbus Defence and Space (Toulouse),Airbus Defence and Space (Toulouse),Direct Open Market,2026-01-04,2026-12-30,,0.5,50000000.0,245000000.0,0.0,841236.2592480001,3364945.0369920004,1682472.5184960002,1682472.5184960002,0.0,1682472.5184960002,1682472.5184960002,,330878,,,True,,,366029_503999,4206181.29624,False,,,1,0.4,0,0.0,0.05,1,4206181.29624,0.075,0.5,157731.798609,841236.2592480001,0.0,3364945.036992,3364945.036992,True,420618.12962400005,2026,0.5,1682472.518496,1682472.518496,0.0,1682472.518496,1682472.518496,210309.06481200003,210309.06481200003,0.0,0.0,105154.53240600001,841236.2592480001,841236.2592480001,0.0,0.0,420618.12962400005,210309.06481200003,210309.06481200003,0.0,0.0,105154.53240600001
366569,505191,"CPIC CO., LIMITED  - Alsat 3A 3B (LM 2C) (L+12)",FIBL,ASC,2025-12-31,2027-12-31,L + 12 Months,4999968.0,512497.0,2026-01-15,CAST UNKNOWN,UNKNOWN,"LONG MARCH 1, 2, 3, 4",LEO,12.0,37380.0,ALSAT 3A (AERJILIYA YAOGAN-3A),CAST - Chinese Academy of Space Technology,CGWIC - China Great Wall Industry Corp,Direct Open Market,2026-01-15,2027-01-15,,,,,10.0,999993.6000000001,3999974.4000000004,,,0.0,,,,,,,True,,,366569_505191,4999968.0,False,,,1,0.4,10,0.6,0.4,1,4999968.0,0.075,0.4166666666666667,156249.0,999993.6000000001,0.0,3999974.4,3999974.4,True,416664.00000000006,2025,0.0,0.0,3999974.4,0.0,0.0,3999974.4,0.0,0.0,0.0,0.0,0.0,0.0,0.0,0.0,0.0,0.0,1999987.2000000002,0.0,0.0,1999987.2000000002,0.0
366569,505195,"CPIC CO., LIMITED  - Alsat 3A 3B (LM 2C) (L+12)",FIBL,ASC,2025-12-31,2027-12-31,L + 12 Months,4999956.0,512495.0,2026-01-31,CAST 3000E (CS-L3000E),CAST 3000,"LONG MARCH 1, 2, 3, 4",LEO,12.0,37381.0,ALSAT 3B (AERJILIYA YAOGAN-3B),CAST - Chinese Academy of Space Technology,CGWIC - China Great Wall Industry Corp,Direct Open Market,2026-01-31,2027-01-31,,,,,11.0,999991.2000000001,3999964.8000000003,,,0.0,,,,,,,True,,,366569_505195,4999956.0,False,,,1,0.4,10,0.6,0.4,1,4999956.0,0.075,0.4166666666666667,156248.625,999991.2000000001,0.0,3999964.8,3999964.8,True,416663.00000000006,2025,0.0,0.0,3999964.8,0.0,0.0,3999964.8,0.0,0.0,0.0,0.0,0.0,0.0,0.0,0.0,0.0,0.0,1999982.4000000001,0.0,0.0,1999982.4000000001,0.0
367899,508203,PT ASURANSI TUGU PRATAMA INDONESIA TBK  - Telkomsat 113BT (Merah Putih 2) In-Orbit RI,FUL,ASO,2026-02-21,2027-02-20,In-Orbit,6425083.792887441,65005.80454234071,2024-02-20,SPACEBUS 4000B2,SPACEBUS 4000,"FALCON 9, 5 & HEAVY",GEO-GSO,12.0,17299.0,TELKOMSAT 113BT,Thales Alenia Space France (Cannes),Thales Alenia Space France (Cannes),Direct Open Market,2026-02-21,2027-02-20,,0.5,50000000.0,245000000.0,0.0,1285016.7585774884,5140067.034309953,2570033.5171549767,2570033.5171549767,0.0,2570033.5171549767,2570033.5171549767,,334027,,,True,,,367899_508203,6425083.792887441,False,,,1,0.4,0,0.0,0.05,1,6425083.792887441,0.075,0.5,240940.642233279,1285016.7585774884,0.0,5140067.0343099525,5140067.0343099525,True,642508.3792887442,2026,0.5,2570033.5171549763,2570033.5171549763,0.0,2570033.5171549763,2570033.5171549763,321254.1896443721,321254.1896443721,0.0,0.0,160627.09482218605,1285016.7585774884,1285016.7585774884,0.0,0.0,642508.3792887442,321254.1896443721,321254.1896443721,0.0,0.0,160627.09482218605
368892,509838,AGENCIA BOLIVIANA ESPACIAL  TKSAT 1 - In orbit ,FUL,ASO,2025-12-21,2026-12-30,In-Orbit,3092783.5,47661.962151078864,2013-12-20,DFH-4,DFH-4 FAMILY,"LONG MARCH 1, 2, 3, 4",GEO-GSO,12.0,8898.0,TUPAC KATARI,ITS - Institute of Telecommunication Satellites (Part of CAST),CGWIC - China Great Wall Industry Corp,Direct Open Market,2025-12-21,2026-12-30,,0.5,50000000.0,245000000.0,0.0,618556.7000000001,2474226.8000000003,1237113.4000000001,1237113.4000000001,0.0,1237113.4000000001,1237113.4000000001,,368891,,,True,,,368892_509838,3092783.5,False,,,1,0.4,0,0.0,0.05,1,3092783.5,0.075,0.4166666666666667,96649.484375,618556.7000000001,0.0,2474226.8,2474226.8,True,257731.95833333337,2025,0.5,1237113.4,1237113.4,0.0,1237113.4,1237113.4,154639.17500000002,154639.17500000002,0.0,0.0,77319.58750000001,618556.7000000001,618556.7000000001,0.0,0.0,309278.35000000003,154639.17500000002,154639.17500000002,0.0,0.0,77319.58750000001
369418,510955,VANTOR INC.  Legion Satellites In-Orbit Fleet,FUL,ASO,2026-02-05,2027-02-04,In-Orbit,4411771.17624,42585.9999999804,2024-05-02,MAXAR 500 (LEGION (SSL-500)),MAXAR 500 (LEGION (SSL-500)) FAMILY,"FALCON 9, 5 & HEAVY",LEO,12.0,12485.0,WORLDVIEW LEGION-1,Maxar Space Systems,Maxar Space Systems,Direct Open Market,2026-02-05,2027-02-04,,0.5,50000000.0,245000000.0,11.0,882354.235248,3529416.940992,1764708.470496,1764708.470496,0.0,1764708.470496,1764708.470496,,,,,True,,,369418_510955,4411771.17624,False,,,1,0.4,11,0.6,0.4,1,4411771.17624,0.075,0.5,165441.41910899998,882354.235248,0.0,3529416.940992,3529416.940992,True,441177.117624,2026,0.5,1764708.470496,1764708.470496,0.0,1764708.470496,1764708.470496,0.0,0.0,0.0,0.0,0.0,0.0,0.0,0.0,0.0,0.0,1764708.470496,1764708.470496,0.0,0.0,882354.235248
369418,510966,VANTOR INC.  Legion Satellites In-Orbit Fleet,FUL,ASO,2026-02-05,2027-02-04,In-Orbit,4411771.17624,42585.9999999804,2025-02-04,MAXAR 500 (LEGION (SSL-500)),MAXAR 500 (LEGION (SSL-500)) FAMILY,"FALCON 9, 5 & HEAVY",LEO,12.0,12040.0,WORLDVIEW LEGION-6,Maxar Space Systems,Maxar Space Systems,Direct Open Market,2026-02-05,2027-02-04,,0.5,50000000.0,245000000.0,11.0,882354.235248,3529416.940992,1764708.470496,1764708.470496,0.0,1764708.470496,1764708.470496,,,,,True,,,369418_510966,4411771.17624,False,,,1,0.4,11,0.6,0.4,1,4411771.17624,0.075,0.5,165441.41910899998,882354.235248,0.0,3529416.940992,3529416.940992,True,441177.117624,2026,0.5,1764708.470496,1764708.470496,0.0,1764708.470496,1764708.470496,0.0,0.0,0.0,0.0,0.0,0.0,0.0,0.0,0.0,0.0,1764708.470496,1764708.470496,0.0,0.0,882354.235248
369418,510967,VANTOR INC.  Legion Satellites In-Orbit Fleet,FUL,ASO,2026-02-05,2027-02-04,In-Orbit,4411771.17624,42585.9999999804,2025-02-04,MAXAR 500 (LEGION (SSL-500)),MAXAR 500 (LEGION (SSL-500)) FAMILY,"FALCON 9, 5 & HEAVY",LEO,12.0,12489.0,WORLDVIEW LEGION-5,Maxar Space Systems,Maxar Space Systems,Direct Open Market,2026-02-05,2027-02-04,,0.5,50000000.0,245000000.0,11.0,882354.235248,3529416.940992,1764708.470496,1764708.470496,0.0,1764708.470496,1764708.470496,,,,,True,,,369418_510967,4411771.17624,False,,,1,0.4,11,0.6,0.4,1,4411771.17624,0.075,0.5,165441.41910899998,882354.235248,0.0,3529416.940992,3529416.940992,True,441177.117624,2026,0.5,1764708.470496,1764708.470496,0.0,1764708.470496,1764708.470496,0.0,0.0,0.0,0.0,0.0,0.0,0.0,0.0,0.0,0.0,1764708.470496,1764708.470496,0.0,0.0,882354.235248
369418,510968,VANTOR INC.  Legion Satellites In-Orbit Fleet,FUL,ASO,2026-02-05,2027-02-04,In-Orbit,4411771.17624,42585.9999999804,2024-08-15,MAXAR 500 (LEGION (SSL-500)),MAXAR 500 (LEGION (SSL-500)) FAMILY,"FALCON 9, 5 & HEAVY",LEO,12.0,12488.0,WORLDVIEW LEGION-4,Maxar Space Systems,Maxar Space Systems,Direct Open Market,2026-02-05,2027-02-04,,0.5,50000000.0,245000000.0,11.0,882354.235248,3529416.940992,1764708.470496,1764708.470496,0.0,1764708.470496,1764708.470496,,,,,True,,,369418_510968,4411771.17624,False,,,1,0.4,11,0.6,0.4,1,4411771.17624,0.075,0.5,165441.41910899998,882354.235248,0.0,3529416.940992,3529416.940992,True,441177.117624,2026,0.5,1764708.470496,1764708.470496,0.0,1764708.470496,1764708.470496,0.0,0.0,0.0,0.0,0.0,0.0,0.0,0.0,0.0,0.0,1764708.470496,1764708.470496,0.0,0.0,882354.235248
369418,510969,VANTOR INC.  Legion Satellites In-Orbit Fleet,FUL,ASO,2026-02-05,2027-02-04,In-Orbit,4411771.17624,42585.9999999804,2024-08-15,MAXAR 500 (LEGION (SSL-500)),MAXAR 500 (LEGION (SSL-500)) FAMILY,"FALCON 9, 5 & HEAVY",LEO,12.0,12487.0,WORLDVIEW LEGION-3,Maxar Space Systems,Maxar Space Systems,Direct Open Market,2026-02-05,2027-02-04,,0.5,50000000.0,245000000.0,11.0,882354.235248,3529416.940992,1764708.470496,1764708.470496,0.0,1764708.470496,1764708.470496,,,,,True,,,369418_510969,4411771.17624,False,,,1,0.4,11,0.6,0.4,1,4411771.17624,0.075,0.5,165441.41910899998,882354.235248,0.0,3529416.940992,3529416.940992,True,441177.117624,2026,0.5,1764708.470496,1764708.470496,0.0,1764708.470496,1764708.470496,0.0,0.0,0.0,0.0,0.0,0.0,0.0,0.0,0.0,0.0,1764708.470496,1764708.470496,0.0,0.0,882354.235248
369418,510970,VANTOR INC.  Legion Satellites In-Orbit Fleet,FUL,ASO,2026-02-05,2027-02-04,In-Orbit,4411771.17624,42585.9999999804,2024-05-02,MAXAR 500 (LEGION (SSL-500)),MAXAR 500 (LEGION (SSL-500)) FAMILY,"FALCON 9, 5 & HEAVY",LEO,12.0,12486.0,WORLDVIEW LEGION-2,Maxar Space Systems,Maxar Space Systems,Direct Open Market,2026-02-05,2027-02-04,,0.5,50000000.0,245000000.0,11.0,882354.235248,3529416.940992,1764708.470496,1764708.470496,0.0,1764708.470496,1764708.470496,,,,,True,,,369418_510970,4411771.17624,False,,,1,0.4,11,0.6,0.4,1,4411771.17624,0.075,0.5,165441.41910899998,882354.235248,0.0,3529416.940992,3529416.940992,True,441177.117624,2026,0.5,1764708.470496,1764708.470496,0.0,1764708.470496,1764708.470496,0.0,0.0,0.0,0.0,0.0,0.0,0.0,0.0,0.0,0.0,1764708.470496,1764708.470496,0.0,0.0,882354.235248
360737,516619,MEASAT Communication Systems Sdn Bhd  MEASAT-3a & -3b  IO,FUL,ASO,2025-12-31,2026-12-30,In-Orbit,494845.36,0.0,2009-06-21,GEOSTAR 2 (STAR 2),GEOSTAR 2 (ORIG. STAR 2) FAMILY,ZENIT & SEA LAUNCH,GEO-GSO,12.0,4142.0,MEASAT 3A (1R),Orbital Sciences Corporation,Orbital Sciences Corporation,Direct Open Market,2025-12-31,2026-12-30,,0.5,50000000.0,245000000.0,0.0,86724.1235668,346896.4942672,173448.2471336,173448.2471336,0.0,173448.2471336,173448.2471336,,328932,,,True,,,360737_516619,494845.36,False,,,1,0.4,0,0.0,0.05,1,494845.36,0.075,0.4166666666666667,15463.917499999998,98969.072,0.0,395876.288,395876.288,True,41237.113333333335,2025,0.5,197938.144,197938.144,0.0,197938.144,197938.144,24742.268,24742.268,0.0,0.0,12371.134,98969.072,98969.072,0.0,0.0,49484.536,24742.268,24742.268,0.0,0.0,12371.134
360737,516620,MEASAT Communication Systems Sdn Bhd  MEASAT-3a & -3b  IO,FUL,ASO,2025-12-31,2026-12-31,In-Orbit,2628865.97,0.0,2014-09-11,EUROSTAR E3000L,EUROSTAR E3000,ARIANE 5,GEO-GSO,12.0,9181.0,MEASAT 3B,Airbus Defence and Space (Toulouse),Airbus Defence and Space (Toulouse),Direct Open Market,2025-12-31,2026-12-31,,0.5,50000000.0,245000000.0,0.0,460721.93737646,1842887.74950584,921443.87475292,921443.87475292,0.0,921443.87475292,921443.87475292,,328932,,,True,,,360737_516620,2628865.97,False,,,1,0.4,0,0.0,0.05,1,2628865.97,0.075,0.4166666666666667,82152.0615625,525773.194,0.0,2103092.776,2103092.776,True,219072.16416666668,2025,0.5,1051546.388,1051546.388,0.0,1051546.388,1051546.388,131443.2985,131443.2985,0.0,0.0,65721.64925,525773.194,525773.194,0.0,0.0,262886.597,131443.2985,131443.2985,0.0,0.0,65721.64925
373475,518720,AIRBUS DEFENCE AND SPACE SAS  Airbus UHF Payload (Eutelsat 36D),FIID,ASO,2026-03-31,2027-03-30,In-Orbit,5495509.982097982,82433.27812915522,2024-03-30,EUROSTAR NEO,EUROSTAR NEO,"FALCON 9, 5 & HEAVY",GEO-GSO,12.0,16310.0,EUTELSAT 36D,Airbus Defence and Space (Toulouse),Airbus Defence and Space (Toulouse),Direct Open Market,2026-03-31,2027-03-30,,0.85,7500000.0,72500000.0,0.0,1099101.9964195965,4396407.985678386,3736946.787826628,659461.197851758,0.0,3736946.787826628,659461.197851758,,340272,,,True,,,373475_518720,5495509.982097982,False,,,1,0.4,0,0.0,0.05,1,5495509.982097982,0.075,0.5,206081.62432867434,1099101.9964195965,0.0,4396407.985678386,4396407.985678386,True,549550.9982097982,2026,0.85,3736946.787826628,659461.197851758,0.0,3736946.787826628,659461.197851758,274775.4991048991,0.0,274775.4991048991,0.0,233559.17423916428,1099101.9964195965,0.0,1099101.9964195965,0.0,934236.6969566571,274775.4991048991,0.0,274775.4991048991,0.0,233559.17423916428
373574,518936,AVANTI HYLAS 2 CYPRUS LIMITED  - Hylas 2 IO,FIID,ASO,2026-03-10,2027-03-09,In-Orbit,2352960.0,39341.4912,2012-08-02,GEOSTAR 2.4E,GEOSTAR 2 (ORIG. STAR 2) FAMILY,ARIANE 5,GEO-GSO,12.0,8948.0,HYLAS 2,Orbital Sciences Corporation,Orbital Sciences Corporation,Direct Open Market,2026-03-10,2027-03-09,,0.85,7500000.0,72500000.0,0.0,470592.0,1882368.0,1600012.8,282355.20000000007,0.0,1600012.8,282355.20000000007,,339101,,,True,,,373574_518936,2352960.0,False,,,1,0.4,0,0.0,0.05,1,2352960.0,0.075,0.5,88236.0,470592.0,0.0,1882368.0,1882368.0,True,235296.0,2026,0.85,1600012.8,282355.19999999995,0.0,1600012.8,282355.19999999995,117648.0,0.0,117648.0,0.0,100000.8,470592.0,0.0,470592.0,0.0,400003.2,117648.0,0.0,117648.0,0.0,100000.8
373994,519791,SKY PERFECT JSAT CORPORATION  - JCSAT-17 IO (Primary),FUL,ASO,2026-02-20,2027-02-19,In-Orbit,7234858.015401279,123716.07513737745,2020-02-18,LM 2100,LM 2100/A2100 FAMILY,ARIANE 5,GEO-GSO,12.0,10620.0,JCSAT-17,Lockheed Martin Commercial Space Systems,Lockheed Martin Space Systems,Direct Open Market,2026-02-20,2027-02-19,,0.5,50000000.0,245000000.0,0.0,1446971.603080256,5787886.412321024,2893943.206160512,2893943.206160512,0.0,2893943.206160512,2893943.206160512,,333730,,,True,,,373994_519791,7234858.015401279,False,,,1,0.4,0,0.0,0.05,1,7234858.015401279,0.075,0.5,271307.1755775479,1446971.603080256,0.0,5787886.412321023,5787886.412321023,True,723485.801540128,2026,0.5,2893943.2061605114,2893943.2061605114,0.0,2893943.2061605114,2893943.2061605114,361742.900770064,361742.900770064,0.0,0.0,180871.450385032,1446971.603080256,1446971.603080256,0.0,0.0,723485.801540128,361742.900770064,361742.900770064,0.0,0.0,180871.450385032
374038,519865,SKY PERFECT JSAT CORPORATION  - JCSAT-17 IO (Excess),FUL,ASO,2026-02-20,2027-02-19,In-Orbit,15023608.800150774,169397.15941726344,2020-02-18,LM 2100,LM 2100/A2100 FAMILY,ARIANE 5,GEO-GSO,12.0,10620.0,JCSAT-17,Lockheed Martin Commercial Space Systems,Lockheed Martin Space Systems,Direct Open Market,2026-02-20,2027-02-19,,0.5,50000000.0,245000000.0,0.0,3004721.760030155,12018887.04012062,6009443.52006031,6009443.52006031,0.0,6009443.52006031,6009443.52006031,,333733,,,True,,,374038_519865,15023608.800150774,False,,,1,0.4,0,0.0,0.05,1,15023608.800150774,0.075,0.5,563385.330005654,3004721.760030155,0.0,12018887.04012062,12018887.04012062,True,1502360.8800150775,2026,0.5,6009443.52006031,6009443.52006031,0.0,6009443.52006031,6009443.52006031,751180.4400075388,751180.4400075388,0.0,0.0,375590.2200037694,3004721.760030155,3004721.760030155,0.0,0.0,1502360.8800150775,751180.4400075388,751180.4400075388,0.0,0.0,375590.2200037694
375192,522248,AVANTI SPACE LIMITED  - Hylas 1 - IO,FUL,ASO,2026-03-10,2027-03-09,In-Orbit,1352952.0,27600.2208,2010-11-26,I-2K (I-2000),I-2K (I-2000),ARIANE 5,GEO-GSO,12.0,8296.0,HYLAS 1,U. R. Rao Satellite Centre (URSC),Astrium Satellites SAS (Toulouse) (Part of EADS),Direct Open Market,2026-03-10,2027-03-09,,0.5,50000000.0,245000000.0,0.0,270590.4,1082361.6,541180.8,541180.8,0.0,541180.8,541180.8,,339034,,,True,,,375192_522248,1352952.0,False,,,1,0.4,0,0.0,0.05,1,1352952.0,0.075,0.5,50735.7,270590.4,0.0,1082361.6,1082361.6,True,135295.2,2026,0.5,541180.8,541180.8,0.0,541180.8,541180.8,67647.6,67647.6,0.0,0.0,33823.8,270590.4,270590.4,0.0,0.0,135295.2,67647.6,67647.6,0.0,0.0,33823.8
377845,526548,ASTRANIS SPACE TECHNOLOGIES CORP.  - Block 2 In Orbit,FUL,ASO,2026-02-27,2027-02-26,In-Orbit,563838.62832,42287.99999952888,2024-12-29,OMEGA MicroGEO (Astranis) BLOCK 2,OMEGA MicroGEO (Astranis),"FALCON 9, 5 & HEAVY",GEO-GSO,12.0,17110.0,ANUVU 1 (NUVIEW A),Astranis,Astranis,Direct Open Market,2026-02-27,2027-02-26,,0.5,50000000.0,245000000.0,0.0,112767.72566400001,451070.90265600005,225535.45132800002,225535.45132800002,0.0,225535.45132800002,225535.45132800002,,,,,True,,,377845_526548,563838.62832,False,,,1,0.4,0,0.0,0.05,1,563838.62832,0.075,0.5,21143.948562,112767.72566400001,0.0,451070.902656,451070.902656,True,56383.862832000006,2026,0.5,225535.451328,225535.451328,0.0,225535.451328,225535.451328,28191.931416000003,28191.931416000003,0.0,0.0,14095.965708000002,112767.72566400001,112767.72566400001,0.0,0.0,56383.862832000006,28191.931416000003,28191.931416000003,0.0,0.0,14095.965708000002
377845,526549,ASTRANIS SPACE TECHNOLOGIES CORP.  - Block 2 In Orbit,FUL,ASO,2026-02-27,2027-02-26,In-Orbit,563838.62832,42287.99999952888,2024-12-29,OMEGA MicroGEO (Astranis) BLOCK 2,OMEGA MicroGEO (Astranis),"FALCON 9, 5 & HEAVY",GEO-GSO,12.0,17111.0,ANUVU 2 (NUVIEW B),Astranis,Astranis,Direct Open Market,2026-02-27,2027-02-26,,0.5,50000000.0,245000000.0,0.0,112767.72566400001,451070.90265600005,225535.45132800002,225535.45132800002,0.0,225535.45132800002,225535.45132800002,,,,,True,,,377845_526549,563838.62832,False,,,1,0.4,0,0.0,0.05,1,563838.62832,0.075,0.5,21143.948562,112767.72566400001,0.0,451070.902656,451070.902656,True,56383.862832000006,2026,0.5,225535.451328,225535.451328,0.0,225535.451328,225535.451328,28191.931416000003,28191.931416000003,0.0,0.0,14095.965708000002,112767.72566400001,112767.72566400001,0.0,0.0,56383.862832000006,28191.931416000003,28191.931416000003,0.0,0.0,14095.965708000002
377845,526550,ASTRANIS SPACE TECHNOLOGIES CORP.  - Block 2 In Orbit,FUL,ASO,2026-02-27,2027-02-26,In-Orbit,671807.72736,50385.999999481195,2024-12-29,OMEGA MicroGEO (Astranis) BLOCK 2,OMEGA MicroGEO (Astranis),"FALCON 9, 5 & HEAVY",GEO-GSO,12.0,21570.0,AGILA,Astranis,Astranis,Direct Open Market,2026-02-27,2027-02-26,,0.5,50000000.0,245000000.0,0.0,134361.545472,537446.181888,268723.090944,268723.090944,0.0,268723.090944,268723.090944,,,,,True,,,377845_526550,671807.72736,False,,,1,0.4,0,0.0,0.05,1,671807.72736,0.075,0.5,25192.789776,134361.545472,0.0,537446.181888,537446.181888,True,67180.772736,2026,0.5,268723.090944,268723.090944,0.0,268723.090944,268723.090944,33590.386368,33590.386368,0.0,0.0,16795.193184,134361.545472,134361.545472,0.0,0.0,67180.772736,33590.386368,33590.386368,0.0,0.0,16795.193184
369418,527399,VANTOR INC.  Legion Satellites In-Orbit Fleet,FUL,ASO,2026-02-05,2027-02-04,In-Orbit,4411771.17624,42793.99999984944,2025-02-04,MAXAR 500 (LEGION (SSL-500)),MAXAR 500 (LEGION (SSL-500)) FAMILY,"FALCON 9, 5 & HEAVY",LEO,12.0,12040.0,WORLDVIEW LEGION-6,Maxar Space Systems,Maxar Space Systems,Direct Open Market,2026-02-05,2027-02-04,,0.5,50000000.0,245000000.0,11.0,882354.235248,3529416.940992,1764708.470496,1764708.470496,0.0,1764708.470496,1764708.470496,,,,,True,,,369418_527399,4411771.17624,False,,,1,0.4,11,0.6,0.4,1,4411771.17624,0.075,0.5,165441.41910899998,882354.235248,0.0,3529416.940992,3529416.940992,True,441177.117624,2026,0.5,1764708.470496,1764708.470496,0.0,1764708.470496,1764708.470496,0.0,0.0,0.0,0.0,0.0,0.0,0.0,0.0,0.0,0.0,1764708.470496,1764708.470496,0.0,0.0,882354.235248
369418,527400,VANTOR INC.  Legion Satellites In-Orbit Fleet,FUL,ASO,2026-02-05,2027-02-04,In-Orbit,4411771.17624,42585.9999999804,2025-02-04,MAXAR 500 (LEGION (SSL-500)),MAXAR 500 (LEGION (SSL-500)) FAMILY,"FALCON 9, 5 & HEAVY",LEO,12.0,12489.0,WORLDVIEW LEGION-5,Maxar Space Systems,Maxar Space Systems,Direct Open Market,2026-02-05,2027-02-04,,0.5,50000000.0,245000000.0,11.0,882354.235248,3529416.940992,1764708.470496,1764708.470496,0.0,1764708.470496,1764708.470496,,,,,True,,,369418_527400,4411771.17624,False,,,1,0.4,11,0.6,0.4,1,4411771.17624,0.075,0.5,165441.41910899998,882354.235248,0.0,3529416.940992,3529416.940992,True,441177.117624,2026,0.5,1764708.470496,1764708.470496,0.0,1764708.470496,1764708.470496,0.0,0.0,0.0,0.0,0.0,0.0,0.0,0.0,0.0,0.0,1764708.470496,1764708.470496,0.0,0.0,882354.235248
369418,527401,VANTOR INC.  Legion Satellites In-Orbit Fleet,FUL,ASO,2026-02-05,2027-02-04,In-Orbit,4411771.17624,42585.9999999804,2024-08-15,MAXAR 500 (LEGION (SSL-500)),MAXAR 500 (LEGION (SSL-500)) FAMILY,"FALCON 9, 5 & HEAVY",LEO,12.0,12488.0,WORLDVIEW LEGION-4,Maxar Space Systems,Maxar Space Systems,Direct Open Market,2026-02-05,2027-02-04,,0.5,50000000.0,245000000.0,11.0,882354.235248,3529416.940992,1764708.470496,1764708.470496,0.0,1764708.470496,1764708.470496,,,,,True,,,369418_527401,4411771.17624,False,,,1,0.4,11,0.6,0.4,1,4411771.17624,0.075,0.5,165441.41910899998,882354.235248,0.0,3529416.940992,3529416.940992,True,441177.117624,2026,0.5,1764708.470496,1764708.470496,0.0,1764708.470496,1764708.470496,0.0,0.0,0.0,0.0,0.0,0.0,0.0,0.0,0.0,0.0,1764708.470496,1764708.470496,0.0,0.0,882354.235248
369418,527402,VANTOR INC.  Legion Satellites In-Orbit Fleet,FUL,ASO,2026-02-05,2027-02-04,In-Orbit,4411771.17624,42585.9999999804,2024-08-15,MAXAR 500 (LEGION (SSL-500)),MAXAR 500 (LEGION (SSL-500)) FAMILY,"FALCON 9, 5 & HEAVY",LEO,12.0,12487.0,WORLDVIEW LEGION-3,Maxar Space Systems,Maxar Space Systems,Direct Open Market,2026-02-05,2027-02-04,,0.5,50000000.0,245000000.0,11.0,882354.235248,3529416.940992,1764708.470496,1764708.470496,0.0,1764708.470496,1764708.470496,,,,,True,,,369418_527402,4411771.17624,False,,,1,0.4,11,0.6,0.4,1,4411771.17624,0.075,0.5,165441.41910899998,882354.235248,0.0,3529416.940992,3529416.940992,True,441177.117624,2026,0.5,1764708.470496,1764708.470496,0.0,1764708.470496,1764708.470496,0.0,0.0,0.0,0.0,0.0,0.0,0.0,0.0,0.0,0.0,1764708.470496,1764708.470496,0.0,0.0,882354.235248
369418,527403,VANTOR INC.  Legion Satellites In-Orbit Fleet,FUL,ASO,2026-02-05,2027-02-04,In-Orbit,4411771.17624,42585.9999999804,2024-05-02,MAXAR 500 (LEGION (SSL-500)),MAXAR 500 (LEGION (SSL-500)) FAMILY,"FALCON 9, 5 & HEAVY",LEO,12.0,12486.0,WORLDVIEW LEGION-2,Maxar Space Systems,Maxar Space Systems,Direct Open Market,2026-02-05,2027-02-04,,0.5,50000000.0,245000000.0,11.0,882354.235248,3529416.940992,1764708.470496,1764708.470496,0.0,1764708.470496,1764708.470496,,,,,True,,,369418_527403,4411771.17624,False,,,1,0.4,11,0.6,0.4,1,4411771.17624,0.075,0.5,165441.41910899998,882354.235248,0.0,3529416.940992,3529416.940992,True,441177.117624,2026,0.5,1764708.470496,1764708.470496,0.0,1764708.470496,1764708.470496,0.0,0.0,0.0,0.0,0.0,0.0,0.0,0.0,0.0,0.0,1764708.470496,1764708.470496,0.0,0.0,882354.235248
369418,527404,VANTOR INC.  Legion Satellites In-Orbit Fleet,FUL,ASO,2026-02-05,2027-02-04,In-Orbit,4411771.17624,42585.9999999804,2024-05-02,MAXAR 500 (LEGION (SSL-500)),MAXAR 500 (LEGION (SSL-500)) FAMILY,"FALCON 9, 5 & HEAVY",LEO,12.0,12485.0,WORLDVIEW LEGION-1,Maxar Space Systems,Maxar Space Systems,Direct Open Market,2026-02-05,2027-02-04,,0.5,50000000.0,245000000.0,11.0,882354.235248,3529416.940992,1764708.470496,1764708.470496,0.0,1764708.470496,1764708.470496,,,,,True,,,369418_527404,4411771.17624,False,,,1,0.4,11,0.6,0.4,1,4411771.17624,0.075,0.5,165441.41910899998,882354.235248,0.0,3529416.940992,3529416.940992,True,441177.117624,2026,0.5,1764708.470496,1764708.470496,0.0,1764708.470496,1764708.470496,0.0,0.0,0.0,0.0,0.0,0.0,0.0,0.0,0.0,0.0,1764708.470496,1764708.470496,0.0,0.0,882354.235248
367899,529439,PT ASURANSI TUGU PRATAMA INDONESIA TBK  - Telkomsat 113BT (Merah Putih 2) In-Orbit RI,FUL,ASO,2026-02-21,2027-02-20,In-Orbit,6425131.375285009,65005.80084293464,2024-02-20,SPACEBUS 4000B2,SPACEBUS 4000,"FALCON 9, 5 & HEAVY",GEO-GSO,12.0,17299.0,TELKOMSAT 113BT,Thales Alenia Space France (Cannes),Thales Alenia Space France (Cannes),Direct Open Market,2026-02-21,2027-02-20,,0.5,50000000.0,245000000.0,0.0,1285026.275057002,5140105.100228008,2570052.550114004,2570052.550114004,0.0,2570052.550114004,2570052.550114004,,334027,,,True,,,367899_529439,6425131.375285009,False,,,1,0.4,0,0.0,0.05,1,6425131.375285009,0.075,0.5,240942.4265731878,1285026.275057002,0.0,5140105.100228007,5140105.100228007,True,642513.137528501,2026,0.5,2570052.5501140035,2570052.5501140035,0.0,2570052.5501140035,2570052.5501140035,321256.5687642505,321256.5687642505,0.0,0.0,160628.28438212525,1285026.275057002,1285026.275057002,0.0,0.0,642513.137528501,321256.5687642505,321256.5687642505,0.0,0.0,160628.28438212525
